seed,imu_fleet_rmse_m,full_fleet_rmse_m,imu_worst_node_rmse_m,full_worst_node_rmse_m,imu_centroid_rmse_m,full_centroid_rmse_m,imu_relative_shape_rmse_m,full_relative_shape_rmse_m,imu_yaw_rmse_deg,full_yaw_rmse_deg,imu_runtime_s,full_runtime_s,imu_node1_rmse_m,full_node1_rmse_m,imu_node2_rmse_m,full_node2_rmse_m,imu_node3_rmse_m,full_node3_rmse_m,imu_node4_rmse_m,full_node4_rmse_m
0,2.1000722893673838,1.1295994103531621,3.673103240313417,1.1357643494534095,1.1209550986108165,1.1288262604314367,1.7758838046074918,0.04178638092237765,0.04236435009769715,0.049550599800004105,1.3320753819999993,1.5043097519999975,0.9988319045678621,1.127982927313075,3.673103240313417,1.1357643494534095,1.2832767870387842,1.130354159937847,1.2268099211120258,1.1242653791667472
1,2.683813127254665,0.9183662898749263,3.8887746500726372,0.9298504669270526,0.9268065770487004,0.9174557845575256,2.518706507468414,0.040884297237107944,0.08382333574181519,0.07864278658314457,1.3170787560000008,1.511136356999998,1.5982517875840279,0.9115467477020347,3.8887746500726372,0.9148509561329925,1.963665587465882,0.9298504669270526,2.6978606363444686,0.9171122796509067
2,2.9339974584964437,1.2239417623051323,4.129414416766775,1.2376349083515608,1.219131283732184,1.2227581348337406,2.668718793632838,0.05381432163006949,0.033921169171737625,0.047148019422171165,1.311709882999999,1.5011445060000028,1.256221341224447,1.229858795728597,2.412373414364833,1.2183628951691197,4.129414416766775,1.2097242586358772,3.1596935566556237,1.2376349083515608
3,2.318716695317621,1.4368324482841643,2.832242234957321,1.45354498540515,1.4392763121848846,1.436302682437995,1.8179468667505518,0.03901395729332923,0.026458483842900896,0.053562268244529095,1.3107114219999971,1.5129471269999968,2.832242234957321,1.45354498540515,2.6177857036543895,1.42917982087463,1.3450975247795363,1.4251059696153554,2.19592874057363,1.4393314170628122
4,3.2261328661785673,0.372203999289713,3.8059626551554073,0.3947512649254429,0.36904132987285415,0.3678200599445411,3.204955813592945,0.05695805991824936,0.05378347748317572,0.054768381972946215,1.3091295399999936,1.5003812149999973,3.3232533650265133,0.3657383983621013,2.2316965676278144,0.34881327846951893,3.8059626551554073,0.3779939522210113,3.3349511016491324,0.3947512649254429
5,2.4901969386486815,1.2015818494110795,3.41969084034078,1.223806011912048,1.200189985329344,1.2003723934937718,2.181885604785552,0.05389858784962378,0.056520170645185455,0.06934982376736228,1.3206298340000018,1.513756665999999,1.329394066439074,1.1777504444911526,3.41969084034078,1.223806011912048,2.347767162551155,1.2111245823415293,2.4146922155988166,1.1931369347620933
6,3.0051536110431436,2.3429162877599734,4.36129775606979,2.351035159901195,2.3454865561858855,2.342479900475128,1.8787338930026571,0.04521777660398238,0.06133765585000628,0.06720688980878665,1.3022135909999975,1.4954706729999998,3.0706297521182004,2.3349210930901814,1.9719450682073016,2.3505239422441893,1.94564651469445,2.351035159901195,4.36129775606979,2.3351319638709116
7,1.8787567679601753,0.9372309234911506,2.702718356834527,0.9422695420970167,0.9432883509226809,0.9366266736341571,1.6247873953750787,0.0336493415253428,0.04225638312417613,0.06201325776127327,1.304215181999993,1.4958613159999885,2.702718356834527,0.9418015586197541,0.24893787170063775,0.9276050271206782,2.1786564294799935,0.9371734437501009,1.4162300500176417,0.9422695420970167
8,2.113515614710185,0.5941076396654175,2.6335085358671444,0.606803345005316,0.5926532718475668,0.592606777247051,2.0287213591304614,0.04220302204436932,0.022488153159756843,0.035977627324837995,1.3009054099999986,1.4949489520000014,2.2234518462075594,0.6007412358978748,2.6335085358671444,0.5894840458066463,0.8317129379715175,0.5790196695768948,2.301508479762122,0.606803345005316
9,3.0255341432829446,1.3776485880340357,4.414787889618851,1.3941641033803172,1.3788565018759622,1.3766698198255958,2.6930673217365446,0.051921472374480394,0.03595914558091613,0.053647203356164894,1.3051021799999916,1.5034866809999983,4.414787889618851,1.3645428190214595,2.1390529154361966,1.3851785122183067,1.8841154775719962,1.3664817472765947,2.9999394644718564,1.3941641033803172
10,1.61700777886469,0.381452222471994,2.3242867365896207,0.39519315622722495,0.3799470292822249,0.37885448706910735,1.5717361139353292,0.04444182327973496,0.07754118410118073,0.10091472542536202,1.3245880700000043,1.4923949669999956,2.3242867365896207,0.39519315622722495,1.365790504902405,0.38421757267463,1.6032541034672096,0.36052404926791437,0.7878707826688508,0.38502574996218103
11,1.2649012453999111,0.621494818207253,1.6813916484601379,0.6354360818849772,0.6259775941072275,0.6196236182740364,1.0991484032149494,0.04819108564306907,0.042540839657474974,0.04933067735769848,1.3023638780000084,1.4884970650000042,0.24136718151228503,0.6011066167930647,0.9821297918626876,0.6354360818849772,1.596867471824149,0.6167335342637956,1.6813916484601379,0.6321034765247043
12,1.9792450641103898,1.0165046135396916,2.7158815067575186,1.0224040241652634,1.013225005019442,1.0160350469440047,1.7002311939876564,0.030893570997403016,0.049029894693234016,0.049730102629715424,1.3608169120000042,1.4920250990000028,2.7158815067575186,1.0224040241652634,1.1687094617037903,1.0080239196084662,1.4005260762283096,1.013558255426588,2.2285144469808675,1.0219608451963214
13,2.1683119738717536,1.3291824719983796,2.7038577590404387,1.3414996096162832,1.3204428717041654,1.32849562869239,1.7198858795284286,0.04272479857102728,0.05073223514164901,0.055866376708733456,1.3009945329999937,1.493621883000003,1.6738364728485045,1.3329069849540787,2.308997311096583,1.3414996096162832,2.7038577590404387,1.3262542154432582,1.8336475567922343,1.3159375738802657
14,2.1799058483621163,0.7838608781333408,3.5768243121940473,0.8062604639813362,0.7793282201675401,0.7809006003692213,2.035838164730648,0.06805974295398134,0.02826391464757939,0.04546878582879345,1.3039090879999975,1.5101671289999956,1.6219769405811004,0.7768147167711039,3.5768243121940473,0.8007599411079165,1.2950924899874643,0.8062604639813362,1.380656408087213,0.7503585688303722
15,1.3532758646775767,0.8338895002695392,2.2056794958061774,0.8345485764107733,0.8298853097330241,0.8332709833577961,1.0689461813431795,0.03211178839169639,0.06298152060423841,0.057101997225199014,1.3054865820000003,1.488755201999993,1.0014333683581078,0.8334295462391484,0.49473031790797045,0.8338102553694964,2.2056794958061774,0.8345485764107733,1.1012598906421627,0.8337692233143056
16,1.9298074889590682,0.9932593073658034,2.9664776574376073,1.0011557671148383,0.9893089685814149,0.9923238308929435,1.6569323188129563,0.04309833303908797,0.05062798192190081,0.07073021437211259,1.3024378340000027,1.4823195370000093,0.979459238170771,0.9830439984893176,2.9664776574376073,1.0011557671148383,1.6172091492247151,0.9952928698795704,1.5880592728608365,0.9934585732927722
17,3.0352821838503337,1.183811859604911,3.642007141425324,1.1995384698560698,1.1857848086836693,1.182943778770604,2.7940745020658064,0.045326981028541984,0.02465528616483778,0.03564139124583748,1.2974363689999961,1.4842792590000045,3.3799859583609777,1.1736167656956253,2.4626552883574537,1.1823914602457957,3.642007141425324,1.1995384698560698,2.469526184556784,1.1795438343343878
18,1.9172170191309008,0.8701878245790239,2.483147913105002,0.8777061019326248,0.8694429934341185,0.8692528136127676,1.7087392953910483,0.040328601164198556,0.0579587509598278,0.06479902851909271,1.3044740970000106,1.4801374980000048,1.8254658948390179,0.8644346900082022,2.251880283964344,0.8777061019326248,0.3654726924070187,0.869335574506929,2.483147913105002,0.8692224826933928
19,3.2235424801713384,1.6045399501479205,4.589395041708776,1.6278036117036816,1.6032719462215508,1.6035165392128516,2.7965595269774153,0.0572988664070287,0.034283604755993666,0.04419026733145777,1.2995293780000026,1.5083299249999982,3.2709992548902402,1.6079377950377638,4.589395041708776,1.5928350093818302,1.3630273098279118,1.6278036117036816,2.818701485469228,1.5892960354773116
