seed,rate_hz,uwb_exchanges,communication_ratio,fleet_rmse_m,worst_node_rmse_m,centroid_rmse_m,relative_shape_rmse_m,yaw_rmse_deg,runtime_s,node1_rmse_m,node2_rmse_m,node3_rmse_m,node4_rmse_m
0,0.0,0,0.0,2.1000722893673838,3.673103240313417,1.1209550986108163,1.7758838046074918,0.04236435009769716,2.646712394998758,0.9988319045678615,3.673103240313417,1.2832767870387842,1.2268099211120258
0,0.5,180,0.05,1.123460667804987,1.1772458308268632,1.119720829785578,0.09159222373719063,0.04198282099217325,2.361126409996359,1.0613945270671863,1.1174242549244933,1.1347036770180752,1.1772458308268632
0,1.0,360,0.1,1.1251418881385176,1.1446857030774986,1.1233474014287215,0.0635207379305975,0.03817464472542686,2.605712198004767,1.1055774591365004,1.1268852272468441,1.123076079973086,1.1446857030774986
0,2.0,720,0.2,1.127044346710654,1.1452643752754619,1.1255772295812132,0.05748790916989022,0.037267309454357155,2.540085075001116,1.1237422245543014,1.1223200194577834,1.1166407368588667,1.1452643752754619
0,5.0,1800,0.5,1.1286625485512665,1.1402203434504719,1.1276682971682337,0.04736412211723181,0.04380667157034624,2.40059329700307,1.1292418110631415,1.1402203434504719,1.1268954555811268,1.1181832259196558
0,10.0,3600,1.0,1.1295994103531903,1.135764349453464,1.1288262604314643,0.041786380922393056,0.049550599800027774,2.811512558000686,1.127982927313082,1.135764349453464,1.1303541599378952,1.1242653791667472
1,0.0,0,0.0,2.683813127254663,3.888774650072635,0.9268065770487,2.5187065074684125,0.0838233357418152,2.2101181000034558,1.5982517875840274,3.888774650072635,1.9636655874658786,2.697860636344467
1,0.5,180,0.05,0.9272276916413875,0.9503594603295851,0.9232486359007707,0.08580879007410615,0.086215507069857,2.393049789003271,0.9324428490759614,0.9256960851636481,0.8996992585682881,0.9503594603295851
1,1.0,360,0.1,0.9250338304426636,0.9358698236705256,0.9228751785216321,0.06315846999486478,0.08595600948799732,2.2090777050034376,0.9358698236705256,0.9237765332796105,0.9242144776727572,0.9161673094029196
1,2.0,720,0.2,0.9226596581912242,0.9299652489786567,0.9210279897033352,0.054847853527551726,0.08106787900665037,2.3050677809951594,0.9174679400826473,0.9229943225319254,0.9299652489786567,0.9201641563333065
1,5.0,1800,0.5,0.9210279938811842,0.9264186189203059,0.9199392183074984,0.04477052749954283,0.08839035001464747,2.7892215739993844,0.924839741771038,0.9150832112035557,0.9264186189203059,0.917721620745232
1,10.0,3600,1.0,0.9183662898749053,0.9298504669269777,0.9174557845575044,0.04088429723711261,0.07864278658315384,2.702245125998161,0.9115467477020803,0.9148509561329474,0.9298504669269777,0.9171122796508948
2,0.0,0,0.0,2.9339974584964437,4.129414416766775,1.2191312837321837,2.668718793632838,0.033921169171737625,2.3702503140011686,1.256221341224446,2.412373414364832,4.129414416766775,3.1596935566556237
2,0.5,180,0.05,1.2262531864646207,1.2506244720819273,1.2219000789857712,0.10323310655599818,0.039714412029972446,2.3753596890019253,1.2506244720819273,1.2229571602824474,1.2069499280315439,1.2240807140163976
2,1.0,360,0.1,1.226101213925508,1.241575546205127,1.2234460435594414,0.08064716540805235,0.04017616035524806,2.375857928003825,1.241575546205127,1.2123666537035327,1.217979353577339,1.232266327329803
2,2.0,720,0.2,1.226329047832204,1.241022469620615,1.2241792092385204,0.07258234788976332,0.04521262997734387,2.1946413469995605,1.241022469620615,1.208087385462173,1.2239408128035956,1.232026265939876
2,5.0,1800,0.5,1.222097777972707,1.2350579260538894,1.2209962988130194,0.051875015284194005,0.044521064185370295,2.358298262995959,1.2308034515592134,1.2148528434145225,1.2074681227561892,1.2350579260538894
2,10.0,3600,1.0,1.2239417623052418,1.2376349083517624,1.2227581348338494,0.053814321630085205,0.04714801942208007,2.745601506001549,1.2298587957287217,1.2183628951691734,1.2097242586359291,1.2376349083517624
3,0.0,0,0.0,2.3187166953176215,2.8322422349573237,1.4392763121848848,1.8179468667505518,0.02645848384290087,2.203043993002211,2.8322422349573237,2.6177857036543895,1.3450975247795365,2.1959287405736285
3,0.5,180,0.05,1.4450926808358076,1.4941528541005547,1.4400974121139978,0.12005123834341433,0.035244589485174886,2.416934893000871,1.4941528541005547,1.431560492320811,1.3979536449531982,1.4550047549036809
3,1.0,360,0.1,1.4428048290029576,1.4636114484381055,1.4408728312668098,0.07464086488928832,0.030450870931982156,2.288013999997929,1.4636114484381055,1.4321853818799346,1.4272588566327287,1.4478818371921056
3,2.0,720,0.2,1.4414065267933065,1.4705284781034567,1.4396016143287036,0.0721108001934109,0.03406202161741314,2.440055470004154,1.4705284781034567,1.4264881627008483,1.427241135740606,1.4409272567136528
3,5.0,1800,0.5,1.437900422031725,1.4523913581808618,1.4372916216847516,0.041837996054183146,0.05249573427859535,2.5650987420012825,1.4523913581808618,1.4384353959549208,1.4218720577716077,1.4387401782079854
3,10.0,3600,1.0,1.4368324482842492,1.4535449854051883,1.4363026824380813,0.0390139572932815,0.0535622682446404,3.156625448005798,1.4535449854051883,1.4291798208746915,1.4251059696155453,1.4393314170628624
4,0.0,0,0.0,3.226132866178567,3.805962655155408,0.36904132987285426,3.204955813592944,0.05378347748317569,2.5320013410018873,3.3232533650265084,2.2316965676278144,3.805962655155408,3.334951101649133
4,0.5,180,0.05,0.4066350655740036,0.4767338916554604,0.3705793156032999,0.1674008584248123,0.10471859372752099,2.3228714270007913,0.38865906690655544,0.33966545447261004,0.40951753505042743,0.4767338916554604
4,1.0,360,0.1,0.3913516088493123,0.43995835514314624,0.37066459631359666,0.1255541269278853,0.09525333139421878,2.3345723300008103,0.36684397109146505,0.3486273632330169,0.403665003703016,0.43995835514314624
4,2.0,720,0.2,0.3839420477739403,0.4043920527022522,0.3725400211882776,0.09287318591436569,0.09339887622312017,2.58523541699833,0.3761908967686672,0.36579768293141396,0.4043920527022522,0.3883111075633041
4,5.0,1800,0.5,0.3766993593674717,0.3997959685747034,0.37116482980514004,0.06433565468373598,0.06805157300384547,2.7001178150021587,0.37564764475612816,0.3483594436426487,0.3811920223680282,0.3997959685747034
4,10.0,3600,1.0,0.37220399928958203,0.3947512649253463,0.36782005994440625,0.05695805991826396,0.05476838197286243,3.1726173580027535,0.3657383983619806,0.34881327846935195,0.377993952220867,0.3947512649253463
5,0.0,0,0.0,2.490196938648682,3.4196908403407806,1.2001899853293445,2.181885604785552,0.056520170645185476,2.658153873999254,1.329394066439075,3.4196908403407806,2.347767162551154,2.414692215598817
5,0.5,180,0.05,1.203800997146203,1.2375264205758454,1.1983644633670272,0.11427796668321165,0.08661413041106499,2.6388247259965283,1.1986653703904069,1.2046817031197734,1.1734645479488413,1.2375264205758454
5,1.0,360,0.1,1.2025629862814444,1.234023866369593,1.1986886363359366,0.09645355925645442,0.08677040513875353,2.415629987997818,1.1880022660905378,1.234023866369593,1.1856209055100877,1.2019857425560458
5,2.0,720,0.2,1.1996837153915265,1.2265329427083544,1.197790560632751,0.06737054129734656,0.07771662366127818,2.31374668799981,1.1771787394095885,1.2265329427083544,1.1977603166996835,1.196746191794727
5,5.0,1800,0.5,1.2012419682827895,1.2210689137673951,1.1996330938434454,0.06215067593770661,0.07068569444202745,2.761556434998056,1.1841622857855205,1.2210689137673951,1.2029017588129371,1.1965395157931509
5,10.0,3600,1.0,1.2015818494111983,1.2238060119121998,1.2003723934938901,0.053898587849640044,0.0693498237673839,2.7553075129981153,1.1777504444912616,1.2238060119121998,1.2111245823416754,1.1931369347621557
6,0.0,0,0.0,3.005153611043143,4.3612977560697885,2.345486556185886,1.8787338930026565,0.061337655850006244,2.3531359690023237,3.0706297521182,1.9719450682073005,1.9456465146944508,4.3612977560697885
6,0.5,180,0.05,2.3506480618603622,2.3744119862587616,2.3472611755358317,0.12613994034414108,0.08754380472318755,2.7595431209992967,2.3231561150938385,2.3744119862587616,2.3596442039783416,2.345075235031014
6,1.0,360,0.1,2.347192585748815,2.374846288199439,2.345400110842521,0.09171343769642878,0.07651422360927126,2.4647076839974034,2.327587046306851,2.374846288199439,2.340694525602792,2.3453880117114587
6,2.0,720,0.2,2.341378315010213,2.365549926069643,2.3398250925021045,0.08526986863824619,0.06145845421468584,2.5825035110028693,2.3263940994791685,2.365549926069643,2.337883869266537,2.3355026677364346
6,5.0,1800,0.5,2.3439682873494774,2.3561357122165014,2.343382311205971,0.05240873617067416,0.06671486813187644,2.4303116709997994,2.3350319577920664,2.3561357122165014,2.3480002918886695,2.336641654040834
6,10.0,3600,1.0,2.342916287760051,2.3510351599012496,2.342479900475206,0.04521777660398121,0.06720688980891064,2.7783224700033315,2.3349210930902475,2.350523942244306,2.3510351599012496,2.335131963870988
7,0.0,0,0.0,1.8787567679601749,2.702718356834527,0.9432883509226806,1.6247873953750787,0.04225638312417608,2.3810720780020347,2.702718356834527,0.24893787170063808,2.178656429479993,1.4162300500176415
7,0.5,180,0.05,0.9423479995521963,0.9557014980900882,0.9378263207757852,0.09220381944464226,0.07114883128375739,2.1430579509978998,0.9503473546336894,0.9352650682304666,0.9278107637212835,0.9557014980900882
7,1.0,360,0.1,0.9413080213048147,0.9460531399901592,0.9392979069303221,0.061483599513214464,0.06523956076428053,2.3253235980009777,0.9423796926893627,0.9323229414951675,0.9444157282544586,0.9460531399901592
7,2.0,720,0.2,0.9380875257076781,0.948170411802831,0.9364189945017768,0.05592559901006713,0.0930631443633403,2.3623057029981283,0.948170411802831,0.9346788399774209,0.9352703238694211,0.9341576853629778
7,5.0,1800,0.5,0.9398202712130277,0.9563666636941377,0.9385798662511876,0.048269833755999386,0.058961212077799294,2.4979308460024185,0.9455363480701892,0.9224621544876227,0.9345779589324814,0.9563666636941377
7,10.0,3600,1.0,0.9372309234909741,0.942269542096715,0.9366266736339813,0.033649341525315596,0.06201325776140573,2.6334016539985896,0.9418015586195703,0.9276050271205728,0.9371734437499885,0.942269542096715
8,0.0,0,0.0,2.1135156147101846,2.6335085358671444,0.5926532718475674,2.0287213591304605,0.022488153159756823,2.2259614690046874,2.2234518462075594,2.6335085358671444,0.8317129379715177,2.3015084797621204
8,0.5,180,0.05,0.6042590996334578,0.6283486246316587,0.5936895268443397,0.11252468709212689,0.031964900264546466,2.3303858950021095,0.6283486246316587,0.5830930494931805,0.6000564738175309,0.6046726120350294
8,1.0,360,0.1,0.5953738784245315,0.6088988234584429,0.5901098696808927,0.07899618228413781,0.026662547497807748,2.4499548130042967,0.6088988234584429,0.586982338401989,0.6007803590765538,0.5844973377047838
8,2.0,720,0.2,0.5940069879352691,0.6045919943426389,0.5910324909701578,0.05937083739969665,0.029233466761117693,2.432465117999527,0.5929627217985097,0.5789536464736514,0.5992108251965085,0.6045919943426389
8,5.0,1800,0.5,0.5901211118097496,0.6036817134611568,0.5879964065039096,0.05003151548837988,0.0332794531114074,2.7576991240057396,0.6036817134611568,0.5807321826405029,0.5766569933323976,0.5989632203510827
8,10.0,3600,1.0,0.5941076396655367,0.6068033450054136,0.592606777247172,0.04220302204434869,0.035977627324875486,2.859715079997841,0.6007412358980511,0.5894840458067631,0.57901966957698,0.6068033450054136
9,0.0,0,0.0,3.025534143282945,4.414787889618853,1.3788565018759622,2.6930673217365455,0.035959145580916146,2.630925978999585,4.414787889618853,2.1390529154361966,1.8841154775719962,2.999939464471856
9,0.5,180,0.05,1.3786191813269075,1.410244809175399,1.3727319170695416,0.1272710924800057,0.046177503549832605,2.4353761109960033,1.3357430992277686,1.3642082110265479,1.4029609034170778,1.410244809175399
9,1.0,360,0.1,1.37904717583995,1.4175710307098912,1.3753121937438046,0.10142722973514495,0.05022905327801753,2.5296822160016745,1.3378054055906783,1.372573546847184,1.3870455583463592,1.4175710307098912
9,2.0,720,0.2,1.3812952050452425,1.4217522546564314,1.3784077385067492,0.0892667345974236,0.05771067975404791,2.2947094710034435,1.3521122706332207,1.371499931404708,1.378878764091761,1.4217522546564314
9,5.0,1800,0.5,1.377972233379507,1.400954883335158,1.3766162968290552,0.06111503308978031,0.053470093480239116,2.4887206150015118,1.3553550624409643,1.3857376659929164,1.3694156032713924,1.400954883335158
9,10.0,3600,1.0,1.3776485880340348,1.394164103380363,1.3766698198255942,0.05192147237449484,0.05364720335639585,2.308300101001805,1.3645428190214492,1.3851785122182951,1.3664817472765676,1.394164103380363
10,0.0,0,0.0,1.6170077788646906,2.3242867365896207,0.37994702928222457,1.5717361139353299,0.07754118410118077,1.9922922550031217,2.3242867365896207,1.365790504902405,1.6032541034672112,0.7878707826688508
10,0.5,180,0.05,0.40162777716970616,0.4530953216877379,0.38263397321958315,0.12204963716650064,0.08589274285070048,2.0972476430033566,0.4530953216877379,0.3762846681484393,0.38752197843232983,0.3849164581959489
10,1.0,360,0.1,0.38885039520520776,0.4289187777261411,0.3795438572977158,0.08456411909798037,0.10176241008683665,2.1696434969999245,0.4289187777261411,0.3782061311972624,0.3637723417566505,0.381414482179924
10,2.0,720,0.2,0.38774540846417005,0.4062101546908198,0.3831924772359251,0.05924548231587863,0.09874180941615314,2.29454314999748,0.4062101546908198,0.3793859279134652,0.37631170558548666,0.38837499315329943
10,5.0,1800,0.5,0.3824337795072821,0.39903365823339587,0.37800486354184837,0.05803377333013143,0.1002649949616428,2.368257577996701,0.39903365823339587,0.3861070187894002,0.35666991063389836,0.38665548918868403
10,10.0,3600,1.0,0.38145222247186855,0.395193156227109,0.3788544870689771,0.044441823279768145,0.10091472542540088,2.5524923449993366,0.395193156227109,0.38421757267454054,0.3605240492677196,0.3850257499620755
11,0.0,0,0.0,1.2649012453999098,1.681391648460132,0.625977594107227,1.0991484032149483,0.042540839657475016,2.255930710998655,0.24136718151228503,0.9821297918626876,1.5968674718241513,1.681391648460132
11,0.5,180,0.05,0.6318748572365628,0.6720624809919016,0.6249720092795272,0.09314409710141174,0.060742066422423795,2.2985462070064386,0.6155848723792976,0.6720624809919016,0.5898768499431877,0.6469126133202077
11,1.0,360,0.1,0.6286579680295612,0.6638255202688721,0.6222210826678629,0.08973162792844708,0.049782823604657155,2.2708308449946344,0.605739910393015,0.6638255202688721,0.5975842951374855,0.6450978320147147
11,2.0,720,0.2,0.6247682456219179,0.6530687833904263,0.6213466201566883,0.06529730742801834,0.047316526574233506,2.6585536839993438,0.5981826280640136,0.6530687833904263,0.6163349230162793,0.6301995027480205
11,5.0,1800,0.5,0.6210353374341803,0.6360378022792738,0.6184176920349725,0.05696006074543848,0.046246833188900986,2.3921245639940025,0.598480881491263,0.6360378022792738,0.6157243874971509,0.6331663198326289
11,10.0,3600,1.0,0.6214948182071863,0.6354360818849119,0.6196236182739686,0.048191085643082505,0.04933067735762776,2.5441080870004953,0.6011066167929836,0.6354360818849119,0.6167335342637461,0.6321034765246318
12,0.0,0,0.0,1.9792450641103903,2.715881506757521,1.0132250050194422,1.700231193987657,0.049029894693234044,2.0590144469970255,2.715881506757521,1.1687094617037905,1.4005260762283085,2.228514446980868
12,0.5,180,0.05,1.0164076776637812,1.0652650430858104,1.0116749006852586,0.09797174356595362,0.060635723502555534,2.164268484993954,1.0652650430858104,0.9961760784460866,0.9928704852787381,1.0096484918173483
12,1.0,360,0.1,1.0105169245925827,1.0290066373846085,1.0078417182153612,0.07348146645760405,0.06404847661454577,2.392595211000298,1.0290066373846085,1.0005845829419522,0.9876319993832655,1.0242737358458995
12,2.0,720,0.2,1.011339707667779,1.0207158233409297,1.0103725079450185,0.04421989930384649,0.055411858876605914,2.3913354160031304,1.0207158233409297,1.003947220264615,1.006108729000372,1.0144981170785148
12,5.0,1800,0.5,1.0131393285213621,1.02534254608249,1.0122484672795766,0.042477517428220174,0.04671056957063485,2.3474556439978187,1.02534254608249,1.0049115395419552,1.003326865504239,1.0188060943245283
12,10.0,3600,1.0,1.0165046135395475,1.022404024165087,1.0160350469438622,0.030893570997358708,0.04973010262963902,2.4428024559965706,1.022404024165087,1.00802391960839,1.0135582554264784,1.02196084519611
13,0.0,0,0.0,2.168311973871754,2.703857759040438,1.3204428717041659,1.7198858795284289,0.05073223514164903,2.159877334997873,1.6738364728485045,2.308997311096584,2.703857759040438,1.8336475567922361
13,0.5,180,0.05,1.3253457363161634,1.3564332230848326,1.320482548699333,0.11343350189404923,0.054196379528991645,2.963869639999757,1.3564332230848326,1.2959658205520563,1.29793967440788,1.349844208772339
13,1.0,360,0.1,1.3285544536446965,1.359698533299443,1.324604399481672,0.1023724629622465,0.05156007602010682,2.651881591998972,1.359698533299443,1.3142986345051701,1.3025863474928947,1.336912693635207
13,2.0,720,0.2,1.3275838689342179,1.3463132996259508,1.3260713760410854,0.06335325326175796,0.059213783062093225,2.5205820179980947,1.3463132996259508,1.324730703290112,1.3135550746264923,1.3255254977370843
13,5.0,1800,0.5,1.3306901870309968,1.3454997286799149,1.3295060406260022,0.05612541135315003,0.0415926401028843,2.3609094290004577,1.3454997286799149,1.3426487120722295,1.3188612324469313,1.3154753745638825
13,10.0,3600,1.0,1.3291824719982204,1.3414996096161227,1.3284956286922303,0.042724798571035665,0.05586637670875917,2.6894668620006996,1.3329069849539499,1.3414996096161227,1.326254215443095,1.315937573880076
14,0.0,0,0.0,2.1799058483621163,3.5768243121940473,0.7793282201675398,2.035838164730648,0.028263914647579443,2.4486896109956433,1.6219769405811004,3.5768243121940473,1.2950924899874643,1.3806564080872132
14,0.5,180,0.05,0.7943081537173882,0.8127556476905635,0.781847946256215,0.14014004423027945,0.0417066601293911,2.283081019995734,0.7952878167466659,0.8127556476905635,0.8046537532831969,0.7636620032818031
14,1.0,360,0.1,0.7881535823124497,0.8031698328768397,0.7815545655262834,0.10177686582406566,0.04744857011542761,2.115514067001641,0.8031698328768397,0.7933964537484922,0.8018794523067021,0.7531094926715509
14,2.0,720,0.2,0.7891822853938605,0.8081273936066109,0.784474283066611,0.086074263206857,0.05356595361432499,2.166521201004798,0.7829266345037901,0.8044393350257294,0.8081273936066109,0.7603078818928694
14,5.0,1800,0.5,0.7828705251206606,0.8020532691309824,0.779189135774452,0.07583237958656765,0.04131432504224325,2.3478093140001874,0.7814776073577148,0.7972030851893334,0.8020532691309824,0.7496769838071402
14,10.0,3600,1.0,0.7838608781334855,0.8062604639814844,0.7809006003693677,0.06805974295396806,0.04546878582873715,2.447384961997159,0.7768147167712441,0.8007599411080282,0.8062604639814844,0.750358568830555
15,0.0,0,0.0,1.3532758646775767,2.2056794958061774,0.8298853097330247,1.068946181343179,0.0629815206042384,2.115066487000149,1.0014333683581076,0.49473031790797106,2.2056794958061774,1.1012598906421627
15,0.5,180,0.05,0.8344627489033173,0.8607062302436722,0.8265475224525418,0.1146615560458061,0.05942126522074839,2.329651370004285,0.8119778450221148,0.8296724343653511,0.834765076711025,0.8607062302436722
15,1.0,360,0.1,0.8361024198354637,0.8549055669222684,0.8298793844285495,0.10182074324620656,0.06613162664240284,2.264520368000376,0.8151304817598509,0.8549055669222684,0.8342442522424262,0.8396453553558276
15,2.0,720,0.2,0.8360370134034449,0.850967893656953,0.8342099660960464,0.05524147216164042,0.05574901767415736,2.35288385199965,0.8259084758385431,0.850967893656953,0.8379877655229752,0.8290578323971898
15,5.0,1800,0.5,0.8340896724730645,0.8448027544018729,0.8330441514238114,0.04174953298907618,0.06386503627791643,2.747213467999245,0.8339070133774383,0.8448027544018729,0.8358720339289296,0.8216128461722955
15,10.0,3600,1.0,0.8338895002694479,0.8345485764106609,0.8332709833577049,0.032111788391696684,0.057101997225199715,2.8265868210000917,0.8334295462390596,0.8338102553693558,0.8345485764106609,0.8337692233142819
16,0.0,0,0.0,1.929807488959068,2.966477657437607,0.9893089685814151,1.656932318812956,0.050627981921900794,2.9111278659984237,0.9794592381707712,2.966477657437607,1.617209149224715,1.5880592728608365
16,0.5,180,0.05,0.9945066753138896,1.0051995419473292,0.9909030814855714,0.08458492978235141,0.06236185906213826,2.912254891001794,1.0051995419473292,0.995442716140251,1.000824673648007,0.9763154005469266
16,1.0,360,0.1,0.9957364328448433,1.0110823054463234,0.992581151878117,0.07920669561901485,0.07613144392779532,2.7527435650044936,0.9885935784201452,0.9991081438927616,1.0110823054463234,0.9839422746814205
16,2.0,720,0.2,0.9940870542396599,1.0046895671882738,0.992091144461957,0.06296215122634014,0.07559931204331283,2.6457225359990844,0.9945170730148545,0.9971656111523987,1.0046895671882738,0.9798120710766983
16,5.0,1800,0.5,0.9905959808012761,0.9966881379247015,0.9891406859283777,0.053675884909152705,0.05928786357416305,2.727504898997722,0.9848334383682499,0.98762091025411,0.9931980571564647,0.9966881379247015
16,10.0,3600,1.0,0.993259307365962,1.0011557671149072,0.992323830893105,0.04309833303902413,0.07073021437205472,2.841432495995832,0.9830439984895114,1.0011557671149072,0.9952928698796248,0.9934585732930864
17,0.0,0,0.0,3.0352821838503328,3.642007141425323,1.1857848086836698,2.794074502065805,0.02465528616483776,2.5048064930015244,3.3799859583609777,2.4626552883574533,3.642007141425323,2.4695261845567855
17,0.5,180,0.05,1.1886549755788733,1.2183840884500772,1.1805776435930742,0.13833682957418086,0.03192840329667863,2.495770071000152,1.1402317246868676,1.2000371891596116,1.1945397337622696,1.2183840884500772
17,1.0,360,0.1,1.1846287496878523,1.2071143210516686,1.1812248695069787,0.08973896726186095,0.029906365536020014,2.370003194999299,1.1474804439843713,1.189945173586336,1.2071143210516686,1.1931367183990265
17,2.0,720,0.2,1.1837283369154172,1.1948303078059408,1.1816046056213418,0.070875465366886,0.04035701629283219,2.3327076640052837,1.1582117866812243,1.1898929457037093,1.1948303078059408,1.1916089429723786
17,5.0,1800,0.5,1.1837976998265203,1.2120209356852139,1.1821973538045514,0.06153381811716336,0.03650111416026341,2.5757721689951723,1.1682376568967356,1.1806013537704947,1.2120209356852139,1.1738460071076948
17,10.0,3600,1.0,1.183811859604837,1.1995384698559721,1.1829437787705301,0.04532698102853514,0.03564139124580658,2.9250739260023693,1.1736167656955583,1.1823914602457126,1.1995384698559721,1.1795438343343396
18,0.0,0,0.0,1.9172170191309015,2.4831479131050034,0.8694429934341177,1.7087392953910496,0.0579587509598278,2.3052555969989044,1.825465894839018,2.251880283964344,0.36547269240701835,2.4831479131050034
18,0.5,180,0.05,0.8778473747288322,0.8982590511428213,0.8709264149608748,0.11001451286853513,0.05625451021453358,2.15927877699869,0.8982590511428213,0.8939310156810873,0.8646669589276925,0.8537172363583416
18,1.0,360,0.1,0.8750205756186094,0.8914386565274579,0.8723705174459712,0.06804915904675717,0.06526829766475502,2.2768977739979164,0.8657580947637571,0.887378237450981,0.8914386565274579,0.8549876827894236
18,2.0,720,0.2,0.8720799296228444,0.8827444114041723,0.8704965661786666,0.0525274397066482,0.05832985945192588,2.400924544999725,0.8743265815180649,0.8827444114041723,0.8625892789959414,0.8685324883680741
18,5.0,1800,0.5,0.8707351632569039,0.8795401384147442,0.8695105362037382,0.04616440146601025,0.0687052794974579,2.43297370000073,0.8609228375540359,0.8795401384147442,0.8712187526069021,0.8711588809909846
18,10.0,3600,1.0,0.870187824578735,0.8777061019323578,0.8692528136124776,0.04032860116421923,0.06479902851913405,2.6889653600010206,0.8644346900078972,0.8777061019323578,0.8693355745066166,0.8692224826931207
19,0.0,0,0.0,3.2235424801713384,4.589395041708776,1.6032719462215508,2.7965595269774153,0.034283604755993645,2.4467085090000182,3.2709992548902402,4.589395041708776,1.363027309827911,2.818701485469228
19,0.5,180,0.05,1.6104086244735496,1.635442764457348,1.6058568097092458,0.12099522506790626,0.044754917601909784,2.387845734003349,1.6300662847217116,1.5903589224799144,1.635442764457348,1.5851287393777704
19,1.0,360,0.1,1.6066763686984846,1.644521871516755,1.6042586288823024,0.08810905396623095,0.04633173187485881,2.2064937009999994,1.6168207561079864,1.5795827572796723,1.644521871516755,1.5849266811315788
19,2.0,720,0.2,1.602039841029128,1.6283941004151776,1.6004205260059423,0.07201244464324986,0.03737532330332029,2.494616993004456,1.6042012141728665,1.5866397758507638,1.6283941004151776,1.5885754463814776
19,5.0,1800,0.5,1.604731534501322,1.6323061950403113,1.603222051728236,0.06958700076359847,0.04266857222949145,2.8170081439966452,1.6110192617840122,1.5961467014191166,1.6323061950403113,1.578975086134884
19,10.0,3600,1.0,1.604539950147931,1.62780361170368,1.603516539212863,0.05729886640701098,0.04419026733155008,3.0483418200019514,1.6079377950378066,1.5928350093818398,1.62780361170368,1.5892960354773034
