geometry,time_s,obs_sigma_ratio,position_error_mean_m
stationary,0.0,0.0,8.944455410287862
stationary,1.0,3.280564548275432e-17,8.312835627976273
stationary,2.0,3.0109512378675947e-17,7.702970552781929
stationary,3.0,3.747710653194018e-17,7.074031080098744
stationary,4.0,3.1694303822757096e-17,6.700194569532333
stationary,5.0,3.27894527568786e-17,6.295567735726512
stationary,6.0,1.5244706732679585e-17,6.082360730585978
stationary,7.0,2.533333464975228e-17,5.96122106529633
stationary,8.0,2.307925773215825e-17,5.973127559240707
stationary,9.0,1.7769380053369945e-17,6.293964018705542
stationary,10.0,2.1332818938628997e-17,6.674772078928186
stationary,11.0,1.4721346395951005e-17,7.181960243787064
stationary,12.0,1.3309057476330468e-17,7.852833157255118
stationary,13.0,2.520776914872213e-17,8.60686637998438
stationary,14.0,2.0273537383699616e-17,9.45591731338121
stationary,15.0,3.51542802784951e-17,10.43889527226824
stationary,16.0,3.108007700935747e-17,11.435308527139618
stationary,17.0,2.287586163363104e-17,12.484336173680692
stationary,18.0,2.7673532153896177e-17,13.50737925989282
stationary,19.0,3.8211141912583885e-17,14.55846054295147
stationary,20.0,4.01576241540433e-17,15.65850142058037
stationary,21.0,4.964740438746045e-17,16.637008455717798
stationary,22.0,5.735335523765327e-17,17.78090847985394
stationary,23.0,4.96581192060791e-17,18.93915648242968
stationary,24.0,3.848047148798944e-17,20.17414452235512
stationary,25.0,3.629835025898069e-17,21.101741426228426
stationary,26.0,3.689052554577764e-17,22.12377281004982
stationary,27.0,3.84620022964029e-17,23.116224838390963
stationary,28.0,3.400914991835381e-17,23.925329840513115
stationary,29.0,3.291783797717135e-17,24.911965144328143
stationary,30.0,3.3719041932922207e-17,25.69317118900279
stationary,31.0,3.4290324058674963e-17,26.428076835916265
stationary,32.0,3.4554755009944987e-17,27.241879587121616
stationary,33.0,3.914572427580888e-17,27.921477806401374
stationary,34.0,4.0803567246325706e-17,28.66743898770691
stationary,35.0,3.8856625180997117e-17,29.31216715672601
stationary,36.0,4.3850906556705456e-17,30.009620559861823
stationary,37.0,4.4905424962234286e-17,30.612236833636512
stationary,38.0,3.926579428776464e-17,30.999973888736115
stationary,39.0,4.296920404122543e-17,31.36522402787598
stationary,40.0,4.4602253717760753e-17,31.700777021232703
stationary,41.0,3.7742727844419377e-17,32.078199500422706
stationary,42.0,4.3309140889323126e-17,32.34889705703278
stationary,43.0,3.550516221874016e-17,32.742705661738405
stationary,44.0,3.842405470152709e-17,33.03310762034682
stationary,45.0,3.616292603568161e-17,33.27790695808539
stationary,46.0,3.772088822676244e-17,33.56579000004376
stationary,47.0,3.430235572357564e-17,33.789330309511215
stationary,48.0,3.3761577088333946e-17,33.95873951860542
stationary,49.0,3.4091924611953504e-17,33.988001168833264
stationary,50.0,3.660668976172195e-17,34.14319057746871
stationary,51.0,3.9763075401563535e-17,34.35514540561027
stationary,52.0,3.752865717121049e-17,34.324049323966854
stationary,53.0,3.449598611905514e-17,34.27783504944119
stationary,54.0,4.386029969130912e-17,34.332359774768385
stationary,55.0,4.1058367415581924e-17,34.621675018996925
stationary,56.0,3.9694433999211656e-17,34.62233213010655
stationary,57.0,4.086576154586335e-17,34.58515008983775
stationary,58.0,4.5634528686905844e-17,34.76102353368445
stationary,59.0,4.0363213161659505e-17,34.88490249333766
stationary,60.0,3.715932523677106e-17,34.78107987224522
constant_bearing,0.0,0.0,8.944455410287862
constant_bearing,1.0,1.9358400353854666e-18,8.236286400378765
constant_bearing,2.0,2.3868630821708654e-17,7.424723706728163
constant_bearing,3.0,6.115128988884668e-18,6.622362916534426
constant_bearing,4.0,2.2684256874393678e-17,6.039053212108423
constant_bearing,5.0,2.951935704405094e-17,5.613010870736484
constant_bearing,6.0,1.4627688656197653e-17,5.845587474822876
constant_bearing,7.0,2.928608186906966e-17,5.8112805270535945
constant_bearing,8.0,5.8461154691377624e-18,5.721388351903709
constant_bearing,9.0,4.2226245169037086e-17,5.973182165559615
constant_bearing,10.0,2.566149396364801e-17,6.18814421924486
constant_bearing,11.0,1.783923108275323e-17,5.9629463491926185
constant_bearing,12.0,3.9289355143363825e-18,6.062570733354706
constant_bearing,13.0,4.4192134240675545e-17,5.971350320169592
constant_bearing,14.0,1.7780655039181228e-17,5.966046408635014
constant_bearing,15.0,4.7654010481589595e-18,5.908770044737365
constant_bearing,16.0,7.82807736733867e-18,6.016609749902271
constant_bearing,17.0,1.1798276979663693e-17,6.0747306803069305
constant_bearing,18.0,1.3390840010360258e-17,5.3581973659791
constant_bearing,19.0,2.449203364402869e-17,4.899655451387157
constant_bearing,20.0,1.552341071859985e-17,4.862070852082992
constant_bearing,21.0,2.504147985666368e-17,4.540207227521377
constant_bearing,22.0,9.70537714675876e-18,4.094593507979514
constant_bearing,23.0,1.1718012072486525e-17,3.645983570943735
constant_bearing,24.0,2.0418688448405247e-17,3.478677998956911
constant_bearing,25.0,1.4622916534221697e-17,3.418668951099632
constant_bearing,26.0,2.7280355626442328e-17,3.3373473482437346
constant_bearing,27.0,3.13405221514233e-17,3.354412101151045
constant_bearing,28.0,3.413585148236803e-17,3.0461706854644643
constant_bearing,29.0,1.2564782702647869e-17,3.298808736901497
constant_bearing,30.0,2.414398283751441e-17,3.4580986828275315
constant_bearing,31.0,2.2766420680221245e-17,3.412513700094363
constant_bearing,32.0,1.0990620283575717e-17,3.5255790808801306
constant_bearing,33.0,4.577483464872471e-19,3.4633576906563635
constant_bearing,34.0,2.91124127188442e-17,3.4171960772045784
constant_bearing,35.0,1.9216493785051608e-17,3.3665854167137903
constant_bearing,36.0,4.4620096903177347e-17,3.463800868190841
constant_bearing,37.0,1.8055428202559028e-17,3.3481285875867277
constant_bearing,38.0,6.1871086400334985e-18,3.3078239209903573
constant_bearing,39.0,1.9765035164880732e-17,3.456872414501301
constant_bearing,40.0,5.0740312730106164e-18,3.621426596242202
constant_bearing,41.0,7.023308016574035e-18,3.7461313594841408
constant_bearing,42.0,1.779611861410602e-17,3.707719173913117
constant_bearing,43.0,1.8471452362046388e-17,3.6149108216820194
constant_bearing,44.0,4.13472726357639e-17,3.605021014880412
constant_bearing,45.0,4.692662997224295e-18,3.5927196067472984
constant_bearing,46.0,4.76821638507985e-17,3.624891648568023
constant_bearing,47.0,1.0695123018618016e-17,3.639325681547006
constant_bearing,48.0,4.299336020209271e-18,3.7585238904933886
constant_bearing,49.0,1.4549844714790742e-17,3.8446850379549367
constant_bearing,50.0,1.8661121716705648e-17,3.9550084327464
constant_bearing,51.0,8.545455236919187e-18,3.9552074318579726
constant_bearing,52.0,1.907564894012348e-17,3.93365590700916
constant_bearing,53.0,2.063893491479625e-18,3.9645961812983104
constant_bearing,54.0,2.0500903493695845e-17,3.948676490388917
constant_bearing,55.0,2.0029259583081156e-17,4.005645054810161
constant_bearing,56.0,7.325455058963669e-18,4.059227378571085
constant_bearing,57.0,1.2715305880331493e-17,4.136567237254743
constant_bearing,58.0,9.067736754846068e-18,4.293936733645266
constant_bearing,59.0,2.0227744252009852e-17,4.642168126216287
constant_bearing,60.0,1.7402459181317398e-17,4.509830970113561
moving,0.0,0.0,8.944455410287862
moving,1.0,7.104553617552348e-09,5.911212880188463
moving,2.0,8.158742138998976e-08,5.254150929723879
moving,3.0,3.078201298921458e-07,4.67975107545807
moving,4.0,7.686181987690489e-07,3.120145291092673
moving,5.0,1.5502373862716895e-06,2.0856047145984133
moving,6.0,2.73802275859769e-06,2.376671743355268
moving,7.0,4.403595960972049e-06,3.1025717827433708
moving,8.0,6.5756870378185336e-06,3.760547712639221
moving,9.0,9.187154823930176e-06,4.179166145127686
moving,10.0,1.2021982769992728e-05,4.378249860495492
moving,11.0,1.47268208456148e-05,4.475718820240794
moving,12.0,1.6914331140005262e-05,4.631011564375161
moving,13.0,1.830490553583427e-05,4.821915357741922
moving,14.0,1.8792456828209086e-05,5.212861363306873
moving,15.0,1.840109564860204e-05,5.5855655132485085
moving,16.0,1.725465582197565e-05,6.0527115272122245
moving,17.0,1.5662070833310226e-05,6.484787906457498
moving,18.0,1.436850390637193e-05,7.037667172650027
moving,19.0,1.4798851576811252e-05,7.234293730041045
moving,20.0,1.831927738039877e-05,7.551384631991101
moving,21.0,2.5003591927008644e-05,7.455172835377686
moving,22.0,3.425889483617178e-05,7.609171857858532
moving,23.0,4.564604162255067e-05,7.930991262995136
moving,24.0,5.89270943260236e-05,8.277564833496736
moving,25.0,7.396068662281277e-05,8.578511851426521
moving,26.0,9.064022035080616e-05,8.774634384619095
moving,27.0,0.0001088658542673,9.048812789670553
moving,28.0,0.0001285325534913,9.287740345346156
moving,29.0,0.0001495255234002,9.490725119515862
moving,30.0,0.0001717192001449,9.394285511500332
moving,31.0,0.0001949780293698,9.35199577736848
moving,32.0,0.0002191581366858,9.385724536780447
moving,33.0,0.000244109383541,9.854494239893215
moving,34.0,0.0002696774921857,10.156462970797609
moving,35.0,0.0002957060271093,10.229273803697234
moving,36.0,0.0003220380851536,10.23130517473936
moving,37.0,0.000348517593271,10.403662024115558
moving,38.0,0.0003749901511926,10.173413753215334
moving,39.0,0.0004013033908934,10.423194049081658
moving,40.0,0.0004273068582907,10.382900075427964
moving,41.0,0.0004528514566646,10.194521200070316
moving,42.0,0.0004777885267336,10.222869965086511
moving,43.0,0.000501968675593,10.33153312422269
moving,44.0,0.0005252405056776,10.411210368792675
moving,45.0,0.000547449434768,10.503844782484505
moving,46.0,0.0005684368371388,10.462517251862923
moving,47.0,0.0005880397713894,10.476742611290504
moving,48.0,0.0006060915878899,10.445100222830265
moving,49.0,0.00006224237218545,10.632892385647152
moving,50.0,0.000636868968566,10.529620947893878
moving,51.0,0.0006492664953411,10.919803112202786
moving,52.0,0.0006594687600733,10.526074307142627
moving,53.0,0.0006673503698586,11.072518467169663
moving,54.0,0.0006728187213126,10.74566411571996
moving,55.0,0.0006758260211765,10.095869900361318
moving,56.0,0.000676382007585,10.086143033525758
moving,57.0,0.0006745664071247,10.236142523218543
moving,58.0,0.0006705399080431,9.832178953349562
moving,59.0,0.0006645522454821,9.148829082195489
moving,60.0,0.00006569459138231,9.148384827501715