seed,budget,policy,pair,exchanges
0,180,cyclic,1-2,30
0,180,cyclic,1-3,30
0,180,cyclic,1-4,30
0,180,cyclic,2-3,30
0,180,cyclic,2-4,30
0,180,cyclic,3-4,30
0,180,random,1-2,30
0,180,random,1-3,28
0,180,random,1-4,26
0,180,random,2-3,30
0,180,random,2-4,34
0,180,random,3-4,32
0,180,geometry,1-2,27
0,180,geometry,1-3,33
0,180,geometry,1-4,29
0,180,geometry,2-3,28
0,180,geometry,2-4,30
0,180,geometry,3-4,33
0,180,information,1-2,27
0,180,information,1-3,37
0,180,information,1-4,32
0,180,information,2-3,22
0,180,information,2-4,28
0,180,information,3-4,34
0,360,cyclic,1-2,60
0,360,cyclic,1-3,60
0,360,cyclic,1-4,60
0,360,cyclic,2-3,60
0,360,cyclic,2-4,60
0,360,cyclic,3-4,60
0,360,random,1-2,59
0,360,random,1-3,67
0,360,random,1-4,53
0,360,random,2-3,52
0,360,random,2-4,70
0,360,random,3-4,59
0,360,geometry,1-2,57
0,360,geometry,1-3,65
0,360,geometry,1-4,58
0,360,geometry,2-3,57
0,360,geometry,2-4,55
0,360,geometry,3-4,68
0,360,information,1-2,52
0,360,information,1-3,70
0,360,information,1-4,66
0,360,information,2-3,46
0,360,information,2-4,52
0,360,information,3-4,74
0,720,cyclic,1-2,120
0,720,cyclic,1-3,120
0,720,cyclic,1-4,120
0,720,cyclic,2-3,120
0,720,cyclic,2-4,120
0,720,cyclic,3-4,120
0,720,random,1-2,115
0,720,random,1-3,111
0,720,random,1-4,125
0,720,random,2-3,122
0,720,random,2-4,114
0,720,random,3-4,133
0,720,geometry,1-2,111
0,720,geometry,1-3,131
0,720,geometry,1-4,117
0,720,geometry,2-3,114
0,720,geometry,2-4,111
0,720,geometry,3-4,136
0,720,information,1-2,106
0,720,information,1-3,145
0,720,information,1-4,134
0,720,information,2-3,90
0,720,information,2-4,94
0,720,information,3-4,151
1,180,cyclic,1-2,30
1,180,cyclic,1-3,30
1,180,cyclic,1-4,30
1,180,cyclic,2-3,30
1,180,cyclic,2-4,30
1,180,cyclic,3-4,30
1,180,random,1-2,33
1,180,random,1-3,31
1,180,random,1-4,23
1,180,random,2-3,34
1,180,random,2-4,32
1,180,random,3-4,27
1,180,geometry,1-2,28
1,180,geometry,1-3,32
1,180,geometry,1-4,29
1,180,geometry,2-3,29
1,180,geometry,2-4,29
1,180,geometry,3-4,33
1,180,information,1-2,26
1,180,information,1-3,36
1,180,information,1-4,32
1,180,information,2-3,22
1,180,information,2-4,29
1,180,information,3-4,35
1,360,cyclic,1-2,60
1,360,cyclic,1-3,60
1,360,cyclic,1-4,60
1,360,cyclic,2-3,60
1,360,cyclic,2-4,60
1,360,cyclic,3-4,60
1,360,random,1-2,70
1,360,random,1-3,56
1,360,random,1-4,66
1,360,random,2-3,63
1,360,random,2-4,53
1,360,random,3-4,52
1,360,geometry,1-2,56
1,360,geometry,1-3,64
1,360,geometry,1-4,58
1,360,geometry,2-3,58
1,360,geometry,2-4,56
1,360,geometry,3-4,68
1,360,information,1-2,52
1,360,information,1-3,70
1,360,information,1-4,66
1,360,information,2-3,47
1,360,information,2-4,52
1,360,information,3-4,73
1,720,cyclic,1-2,120
1,720,cyclic,1-3,120
1,720,cyclic,1-4,120
1,720,cyclic,2-3,120
1,720,cyclic,2-4,120
1,720,cyclic,3-4,120
1,720,random,1-2,105
1,720,random,1-3,113
1,720,random,1-4,130
1,720,random,2-3,117
1,720,random,2-4,130
1,720,random,3-4,125
1,720,geometry,1-2,109
1,720,geometry,1-3,131
1,720,geometry,1-4,117
1,720,geometry,2-3,114
1,720,geometry,2-4,112
1,720,geometry,3-4,137
1,720,information,1-2,104
1,720,information,1-3,143
1,720,information,1-4,134
1,720,information,2-3,90
1,720,information,2-4,93
1,720,information,3-4,156
2,180,cyclic,1-2,30
2,180,cyclic,1-3,30
2,180,cyclic,1-4,30
2,180,cyclic,2-3,30
2,180,cyclic,2-4,30
2,180,cyclic,3-4,30
2,180,random,1-2,25
2,180,random,1-3,26
2,180,random,1-4,36
2,180,random,2-3,29
2,180,random,2-4,31
2,180,random,3-4,33
2,180,geometry,1-2,28
2,180,geometry,1-3,31
2,180,geometry,1-4,29
2,180,geometry,2-3,30
2,180,geometry,2-4,28
2,180,geometry,3-4,34
2,180,information,1-2,28
2,180,information,1-3,37
2,180,information,1-4,33
2,180,information,2-3,21
2,180,information,2-4,28
2,180,information,3-4,33
2,360,cyclic,1-2,60
2,360,cyclic,1-3,60
2,360,cyclic,1-4,60
2,360,cyclic,2-3,60
2,360,cyclic,2-4,60
2,360,cyclic,3-4,60
2,360,random,1-2,52
2,360,random,1-3,55
2,360,random,1-4,61
2,360,random,2-3,66
2,360,random,2-4,56
2,360,random,3-4,70
2,360,geometry,1-2,57
2,360,geometry,1-3,66
2,360,geometry,1-4,57
2,360,geometry,2-3,57
2,360,geometry,2-4,55
2,360,geometry,3-4,68
2,360,information,1-2,52
2,360,information,1-3,72
2,360,information,1-4,67
2,360,information,2-3,45
2,360,information,2-4,51
2,360,information,3-4,73
2,720,cyclic,1-2,120
2,720,cyclic,1-3,120
2,720,cyclic,1-4,120
2,720,cyclic,2-3,120
2,720,cyclic,2-4,120
2,720,cyclic,3-4,120
2,720,random,1-2,120
2,720,random,1-3,118
2,720,random,1-4,100
2,720,random,2-3,124
2,720,random,2-4,138
2,720,random,3-4,120
2,720,geometry,1-2,113
2,720,geometry,1-3,131
2,720,geometry,1-4,115
2,720,geometry,2-3,113
2,720,geometry,2-4,111
2,720,geometry,3-4,137
2,720,information,1-2,105
2,720,information,1-3,144
2,720,information,1-4,136
2,720,information,2-3,90
2,720,information,2-4,94
2,720,information,3-4,151
3,180,cyclic,1-2,30
3,180,cyclic,1-3,30
3,180,cyclic,1-4,30
3,180,cyclic,2-3,30
3,180,cyclic,2-4,30
3,180,cyclic,3-4,30
3,180,random,1-2,23
3,180,random,1-3,36
3,180,random,1-4,23
3,180,random,2-3,39
3,180,random,2-4,31
3,180,random,3-4,28
3,180,geometry,1-2,28
3,180,geometry,1-3,32
3,180,geometry,1-4,28
3,180,geometry,2-3,29
3,180,geometry,2-4,29
3,180,geometry,3-4,34
3,180,information,1-2,27
3,180,information,1-3,35
3,180,information,1-4,33
3,180,information,2-3,21
3,180,information,2-4,30
3,180,information,3-4,34
3,360,cyclic,1-2,60
3,360,cyclic,1-3,60
3,360,cyclic,1-4,60
3,360,cyclic,2-3,60
3,360,cyclic,2-4,60
3,360,cyclic,3-4,60
3,360,random,1-2,66
3,360,random,1-3,64
3,360,random,1-4,54
3,360,random,2-3,48
3,360,random,2-4,57
3,360,random,3-4,71
3,360,geometry,1-2,55
3,360,geometry,1-3,65
3,360,geometry,1-4,58
3,360,geometry,2-3,58
3,360,geometry,2-4,57
3,360,geometry,3-4,67
3,360,information,1-2,52
3,360,information,1-3,72
3,360,information,1-4,66
3,360,information,2-3,46
3,360,information,2-4,51
3,360,information,3-4,73
3,720,cyclic,1-2,120
3,720,cyclic,1-3,120
3,720,cyclic,1-4,120
3,720,cyclic,2-3,120
3,720,cyclic,2-4,120
3,720,cyclic,3-4,120
3,720,random,1-2,114
3,720,random,1-3,114
3,720,random,1-4,127
3,720,random,2-3,134
3,720,random,2-4,110
3,720,random,3-4,121
3,720,geometry,1-2,110
3,720,geometry,1-3,131
3,720,geometry,1-4,116
3,720,geometry,2-3,115
3,720,geometry,2-4,112
3,720,geometry,3-4,136
3,720,information,1-2,104
3,720,information,1-3,142
3,720,information,1-4,133
3,720,information,2-3,92
3,720,information,2-4,93
3,720,information,3-4,156
4,180,cyclic,1-2,30
4,180,cyclic,1-3,30
4,180,cyclic,1-4,30
4,180,cyclic,2-3,30
4,180,cyclic,2-4,30
4,180,cyclic,3-4,30
4,180,random,1-2,29
4,180,random,1-3,31
4,180,random,1-4,36
4,180,random,2-3,35
4,180,random,2-4,23
4,180,random,3-4,26
4,180,geometry,1-2,29
4,180,geometry,1-3,30
4,180,geometry,1-4,30
4,180,geometry,2-3,29
4,180,geometry,2-4,28
4,180,geometry,3-4,34
4,180,information,1-2,26
4,180,information,1-3,36
4,180,information,1-4,33
4,180,information,2-3,22
4,180,information,2-4,28
4,180,information,3-4,35
4,360,cyclic,1-2,60
4,360,cyclic,1-3,60
4,360,cyclic,1-4,60
4,360,cyclic,2-3,60
4,360,cyclic,2-4,60
4,360,cyclic,3-4,60
4,360,random,1-2,71
4,360,random,1-3,67
4,360,random,1-4,68
4,360,random,2-3,52
4,360,random,2-4,47
4,360,random,3-4,55
4,360,geometry,1-2,57
4,360,geometry,1-3,66
4,360,geometry,1-4,57
4,360,geometry,2-3,57
4,360,geometry,2-4,56
4,360,geometry,3-4,67
4,360,information,1-2,53
4,360,information,1-3,72
4,360,information,1-4,66
4,360,information,2-3,44
4,360,information,2-4,52
4,360,information,3-4,73
4,720,cyclic,1-2,120
4,720,cyclic,1-3,120
4,720,cyclic,1-4,120
4,720,cyclic,2-3,120
4,720,cyclic,2-4,120
4,720,cyclic,3-4,120
4,720,random,1-2,115
4,720,random,1-3,109
4,720,random,1-4,129
4,720,random,2-3,133
4,720,random,2-4,114
4,720,random,3-4,120
4,720,geometry,1-2,111
4,720,geometry,1-3,131
4,720,geometry,1-4,116
4,720,geometry,2-3,114
4,720,geometry,2-4,111
4,720,geometry,3-4,137
4,720,information,1-2,107
4,720,information,1-3,145
4,720,information,1-4,134
4,720,information,2-3,89
4,720,information,2-4,93
4,720,information,3-4,152
5,180,cyclic,1-2,30
5,180,cyclic,1-3,30
5,180,cyclic,1-4,30
5,180,cyclic,2-3,30
5,180,cyclic,2-4,30
5,180,cyclic,3-4,30
5,180,random,1-2,39
5,180,random,1-3,33
5,180,random,1-4,31
5,180,random,2-3,24
5,180,random,2-4,25
5,180,random,3-4,28
5,180,geometry,1-2,27
5,180,geometry,1-3,32
5,180,geometry,1-4,29
5,180,geometry,2-3,30
5,180,geometry,2-4,28
5,180,geometry,3-4,34
5,180,information,1-2,28
5,180,information,1-3,36
5,180,information,1-4,32
5,180,information,2-3,22
5,180,information,2-4,28
5,180,information,3-4,34
5,360,cyclic,1-2,60
5,360,cyclic,1-3,60
5,360,cyclic,1-4,60
5,360,cyclic,2-3,60
5,360,cyclic,2-4,60
5,360,cyclic,3-4,60
5,360,random,1-2,61
5,360,random,1-3,64
5,360,random,1-4,58
5,360,random,2-3,54
5,360,random,2-4,62
5,360,random,3-4,61
5,360,geometry,1-2,57
5,360,geometry,1-3,64
5,360,geometry,1-4,58
5,360,geometry,2-3,58
5,360,geometry,2-4,55
5,360,geometry,3-4,68
5,360,information,1-2,51
5,360,information,1-3,71
5,360,information,1-4,66
5,360,information,2-3,46
5,360,information,2-4,52
5,360,information,3-4,74
5,720,cyclic,1-2,120
5,720,cyclic,1-3,120
5,720,cyclic,1-4,120
5,720,cyclic,2-3,120
5,720,cyclic,2-4,120
5,720,cyclic,3-4,120
5,720,random,1-2,118
5,720,random,1-3,119
5,720,random,1-4,119
5,720,random,2-3,131
5,720,random,2-4,120
5,720,random,3-4,113
5,720,geometry,1-2,110
5,720,geometry,1-3,130
5,720,geometry,1-4,116
5,720,geometry,2-3,114
5,720,geometry,2-4,111
5,720,geometry,3-4,139
5,720,information,1-2,103
5,720,information,1-3,143
5,720,information,1-4,133
5,720,information,2-3,93
5,720,information,2-4,93
5,720,information,3-4,155
6,180,cyclic,1-2,30
6,180,cyclic,1-3,30
6,180,cyclic,1-4,30
6,180,cyclic,2-3,30
6,180,cyclic,2-4,30
6,180,cyclic,3-4,30
6,180,random,1-2,22
6,180,random,1-3,26
6,180,random,1-4,35
6,180,random,2-3,30
6,180,random,2-4,33
6,180,random,3-4,34
6,180,geometry,1-2,27
6,180,geometry,1-3,32
6,180,geometry,1-4,28
6,180,geometry,2-3,29
6,180,geometry,2-4,30
6,180,geometry,3-4,34
6,180,information,1-2,27
6,180,information,1-3,36
6,180,information,1-4,32
6,180,information,2-3,21
6,180,information,2-4,29
6,180,information,3-4,35
6,360,cyclic,1-2,60
6,360,cyclic,1-3,60
6,360,cyclic,1-4,60
6,360,cyclic,2-3,60
6,360,cyclic,2-4,60
6,360,cyclic,3-4,60
6,360,random,1-2,51
6,360,random,1-3,57
6,360,random,1-4,70
6,360,random,2-3,68
6,360,random,2-4,46
6,360,random,3-4,68
6,360,geometry,1-2,55
6,360,geometry,1-3,65
6,360,geometry,1-4,57
6,360,geometry,2-3,58
6,360,geometry,2-4,56
6,360,geometry,3-4,69
6,360,information,1-2,52
6,360,information,1-3,70
6,360,information,1-4,64
6,360,information,2-3,45
6,360,information,2-4,54
6,360,information,3-4,75
6,720,cyclic,1-2,120
6,720,cyclic,1-3,120
6,720,cyclic,1-4,120
6,720,cyclic,2-3,120
6,720,cyclic,2-4,120
6,720,cyclic,3-4,120
6,720,random,1-2,112
6,720,random,1-3,120
6,720,random,1-4,119
6,720,random,2-3,95
6,720,random,2-4,143
6,720,random,3-4,131
6,720,geometry,1-2,110
6,720,geometry,1-3,131
6,720,geometry,1-4,115
6,720,geometry,2-3,114
6,720,geometry,2-4,112
6,720,geometry,3-4,138
6,720,information,1-2,103
6,720,information,1-3,143
6,720,information,1-4,132
6,720,information,2-3,90
6,720,information,2-4,97
6,720,information,3-4,155
7,180,cyclic,1-2,30
7,180,cyclic,1-3,30
7,180,cyclic,1-4,30
7,180,cyclic,2-3,30
7,180,cyclic,2-4,30
7,180,cyclic,3-4,30
7,180,random,1-2,36
7,180,random,1-3,28
7,180,random,1-4,31
7,180,random,2-3,28
7,180,random,2-4,26
7,180,random,3-4,31
7,180,geometry,1-2,27
7,180,geometry,1-3,32
7,180,geometry,1-4,29
7,180,geometry,2-3,30
7,180,geometry,2-4,28
7,180,geometry,3-4,34
7,180,information,1-2,26
7,180,information,1-3,35
7,180,information,1-4,33
7,180,information,2-3,22
7,180,information,2-4,29
7,180,information,3-4,35
7,360,cyclic,1-2,60
7,360,cyclic,1-3,60
7,360,cyclic,1-4,60
7,360,cyclic,2-3,60
7,360,cyclic,2-4,60
7,360,cyclic,3-4,60
7,360,random,1-2,62
7,360,random,1-3,60
7,360,random,1-4,64
7,360,random,2-3,59
7,360,random,2-4,59
7,360,random,3-4,56
7,360,geometry,1-2,55
7,360,geometry,1-3,65
7,360,geometry,1-4,57
7,360,geometry,2-3,57
7,360,geometry,2-4,58
7,360,geometry,3-4,68
7,360,information,1-2,51
7,360,information,1-3,72
7,360,information,1-4,66
7,360,information,2-3,46
7,360,information,2-4,54
7,360,information,3-4,71
7,720,cyclic,1-2,120
7,720,cyclic,1-3,120
7,720,cyclic,1-4,120
7,720,cyclic,2-3,120
7,720,cyclic,2-4,120
7,720,cyclic,3-4,120
7,720,random,1-2,118
7,720,random,1-3,112
7,720,random,1-4,126
7,720,random,2-3,106
7,720,random,2-4,132
7,720,random,3-4,126
7,720,geometry,1-2,111
7,720,geometry,1-3,130
7,720,geometry,1-4,115
7,720,geometry,2-3,114
7,720,geometry,2-4,111
7,720,geometry,3-4,139
7,720,information,1-2,106
7,720,information,1-3,144
7,720,information,1-4,134
7,720,information,2-3,89
7,720,information,2-4,94
7,720,information,3-4,153
8,180,cyclic,1-2,30
8,180,cyclic,1-3,30
8,180,cyclic,1-4,30
8,180,cyclic,2-3,30
8,180,cyclic,2-4,30
8,180,cyclic,3-4,30
8,180,random,1-2,25
8,180,random,1-3,32
8,180,random,1-4,37
8,180,random,2-3,34
8,180,random,2-4,24
8,180,random,3-4,28
8,180,geometry,1-2,28
8,180,geometry,1-3,33
8,180,geometry,1-4,28
8,180,geometry,2-3,29
8,180,geometry,2-4,29
8,180,geometry,3-4,33
8,180,information,1-2,25
8,180,information,1-3,35
8,180,information,1-4,33
8,180,information,2-3,23
8,180,information,2-4,30
8,180,information,3-4,34
8,360,cyclic,1-2,60
8,360,cyclic,1-3,60
8,360,cyclic,1-4,60
8,360,cyclic,2-3,60
8,360,cyclic,2-4,60
8,360,cyclic,3-4,60
8,360,random,1-2,61
8,360,random,1-3,60
8,360,random,1-4,52
8,360,random,2-3,46
8,360,random,2-4,88
8,360,random,3-4,53
8,360,geometry,1-2,55
8,360,geometry,1-3,65
8,360,geometry,1-4,58
8,360,geometry,2-3,57
8,360,geometry,2-4,56
8,360,geometry,3-4,69
8,360,information,1-2,51
8,360,information,1-3,71
8,360,information,1-4,66
8,360,information,2-3,47
8,360,information,2-4,52
8,360,information,3-4,73
8,720,cyclic,1-2,120
8,720,cyclic,1-3,120
8,720,cyclic,1-4,120
8,720,cyclic,2-3,120
8,720,cyclic,2-4,120
8,720,cyclic,3-4,120
8,720,random,1-2,120
8,720,random,1-3,122
8,720,random,1-4,139
8,720,random,2-3,108
8,720,random,2-4,112
8,720,random,3-4,119
8,720,geometry,1-2,110
8,720,geometry,1-3,130
8,720,geometry,1-4,116
8,720,geometry,2-3,115
8,720,geometry,2-4,111
8,720,geometry,3-4,138
8,720,information,1-2,104
8,720,information,1-3,142
8,720,information,1-4,132
8,720,information,2-3,92
8,720,information,2-4,94
8,720,information,3-4,156
9,180,cyclic,1-2,30
9,180,cyclic,1-3,30
9,180,cyclic,1-4,30
9,180,cyclic,2-3,30
9,180,cyclic,2-4,30
9,180,cyclic,3-4,30
9,180,random,1-2,23
9,180,random,1-3,33
9,180,random,1-4,27
9,180,random,2-3,26
9,180,random,2-4,34
9,180,random,3-4,37
9,180,geometry,1-2,27
9,180,geometry,1-3,32
9,180,geometry,1-4,28
9,180,geometry,2-3,29
9,180,geometry,2-4,30
9,180,geometry,3-4,34
9,180,information,1-2,26
9,180,information,1-3,35
9,180,information,1-4,33
9,180,information,2-3,22
9,180,information,2-4,29
9,180,information,3-4,35
9,360,cyclic,1-2,60
9,360,cyclic,1-3,60
9,360,cyclic,1-4,60
9,360,cyclic,2-3,60
9,360,cyclic,2-4,60
9,360,cyclic,3-4,60
9,360,random,1-2,63
9,360,random,1-3,67
9,360,random,1-4,59
9,360,random,2-3,63
9,360,random,2-4,52
9,360,random,3-4,56
9,360,geometry,1-2,56
9,360,geometry,1-3,64
9,360,geometry,1-4,59
9,360,geometry,2-3,58
9,360,geometry,2-4,55
9,360,geometry,3-4,68
9,360,information,1-2,50
9,360,information,1-3,71
9,360,information,1-4,65
9,360,information,2-3,47
9,360,information,2-4,53
9,360,information,3-4,74
9,720,cyclic,1-2,120
9,720,cyclic,1-3,120
9,720,cyclic,1-4,120
9,720,cyclic,2-3,120
9,720,cyclic,2-4,120
9,720,cyclic,3-4,120
9,720,random,1-2,133
9,720,random,1-3,102
9,720,random,1-4,130
9,720,random,2-3,137
9,720,random,2-4,103
9,720,random,3-4,115
9,720,geometry,1-2,111
9,720,geometry,1-3,130
9,720,geometry,1-4,116
9,720,geometry,2-3,114
9,720,geometry,2-4,112
9,720,geometry,3-4,137
9,720,information,1-2,103
9,720,information,1-3,142
9,720,information,1-4,134
9,720,information,2-3,94
9,720,information,2-4,91
9,720,information,3-4,156
10,180,cyclic,1-2,30
10,180,cyclic,1-3,30
10,180,cyclic,1-4,30
10,180,cyclic,2-3,30
10,180,cyclic,2-4,30
10,180,cyclic,3-4,30
10,180,random,1-2,26
10,180,random,1-3,34
10,180,random,1-4,28
10,180,random,2-3,39
10,180,random,2-4,25
10,180,random,3-4,28
10,180,geometry,1-2,29
10,180,geometry,1-3,32
10,180,geometry,1-4,28
10,180,geometry,2-3,29
10,180,geometry,2-4,29
10,180,geometry,3-4,33
10,180,information,1-2,27
10,180,information,1-3,35
10,180,information,1-4,32
10,180,information,2-3,23
10,180,information,2-4,28
10,180,information,3-4,35
10,360,cyclic,1-2,60
10,360,cyclic,1-3,60
10,360,cyclic,1-4,60
10,360,cyclic,2-3,60
10,360,cyclic,2-4,60
10,360,cyclic,3-4,60
10,360,random,1-2,60
10,360,random,1-3,73
10,360,random,1-4,63
10,360,random,2-3,67
10,360,random,2-4,46
10,360,random,3-4,51
10,360,geometry,1-2,57
10,360,geometry,1-3,64
10,360,geometry,1-4,58
10,360,geometry,2-3,59
10,360,geometry,2-4,55
10,360,geometry,3-4,67
10,360,information,1-2,51
10,360,information,1-3,71
10,360,information,1-4,67
10,360,information,2-3,45
10,360,information,2-4,52
10,360,information,3-4,74
10,720,cyclic,1-2,120
10,720,cyclic,1-3,120
10,720,cyclic,1-4,120
10,720,cyclic,2-3,120
10,720,cyclic,2-4,120
10,720,cyclic,3-4,120
10,720,random,1-2,129
10,720,random,1-3,113
10,720,random,1-4,120
10,720,random,2-3,129
10,720,random,2-4,116
10,720,random,3-4,113
10,720,geometry,1-2,110
10,720,geometry,1-3,131
10,720,geometry,1-4,116
10,720,geometry,2-3,114
10,720,geometry,2-4,112
10,720,geometry,3-4,137
10,720,information,1-2,103
10,720,information,1-3,144
10,720,information,1-4,135
10,720,information,2-3,92
10,720,information,2-4,92
10,720,information,3-4,154
11,180,cyclic,1-2,30
11,180,cyclic,1-3,30
11,180,cyclic,1-4,30
11,180,cyclic,2-3,30
11,180,cyclic,2-4,30
11,180,cyclic,3-4,30
11,180,random,1-2,32
11,180,random,1-3,30
11,180,random,1-4,25
11,180,random,2-3,30
11,180,random,2-4,38
11,180,random,3-4,25
11,180,geometry,1-2,28
11,180,geometry,1-3,32
11,180,geometry,1-4,29
11,180,geometry,2-3,29
11,180,geometry,2-4,28
11,180,geometry,3-4,34
11,180,information,1-2,26
11,180,information,1-3,36
11,180,information,1-4,31
11,180,information,2-3,23
11,180,information,2-4,29
11,180,information,3-4,35
11,360,cyclic,1-2,60
11,360,cyclic,1-3,60
11,360,cyclic,1-4,60
11,360,cyclic,2-3,60
11,360,cyclic,2-4,60
11,360,cyclic,3-4,60
11,360,random,1-2,65
11,360,random,1-3,57
11,360,random,1-4,55
11,360,random,2-3,58
11,360,random,2-4,71
11,360,random,3-4,54
11,360,geometry,1-2,55
11,360,geometry,1-3,66
11,360,geometry,1-4,56
11,360,geometry,2-3,57
11,360,geometry,2-4,57
11,360,geometry,3-4,69
11,360,information,1-2,51
11,360,information,1-3,72
11,360,information,1-4,66
11,360,information,2-3,46
11,360,information,2-4,51
11,360,information,3-4,74
11,720,cyclic,1-2,120
11,720,cyclic,1-3,120
11,720,cyclic,1-4,120
11,720,cyclic,2-3,120
11,720,cyclic,2-4,120
11,720,cyclic,3-4,120
11,720,random,1-2,120
11,720,random,1-3,118
11,720,random,1-4,107
11,720,random,2-3,129
11,720,random,2-4,120
11,720,random,3-4,126
11,720,geometry,1-2,112
11,720,geometry,1-3,129
11,720,geometry,1-4,116
11,720,geometry,2-3,114
11,720,geometry,2-4,111
11,720,geometry,3-4,138
11,720,information,1-2,102
11,720,information,1-3,145
11,720,information,1-4,133
11,720,information,2-3,91
11,720,information,2-4,95
11,720,information,3-4,154
12,180,cyclic,1-2,30
12,180,cyclic,1-3,30
12,180,cyclic,1-4,30
12,180,cyclic,2-3,30
12,180,cyclic,2-4,30
12,180,cyclic,3-4,30
12,180,random,1-2,23
12,180,random,1-3,33
12,180,random,1-4,30
12,180,random,2-3,27
12,180,random,2-4,32
12,180,random,3-4,35
12,180,geometry,1-2,27
12,180,geometry,1-3,33
12,180,geometry,1-4,28
12,180,geometry,2-3,29
12,180,geometry,2-4,29
12,180,geometry,3-4,34
12,180,information,1-2,26
12,180,information,1-3,36
12,180,information,1-4,33
12,180,information,2-3,22
12,180,information,2-4,28
12,180,information,3-4,35
12,360,cyclic,1-2,60
12,360,cyclic,1-3,60
12,360,cyclic,1-4,60
12,360,cyclic,2-3,60
12,360,cyclic,2-4,60
12,360,cyclic,3-4,60
12,360,random,1-2,51
12,360,random,1-3,61
12,360,random,1-4,75
12,360,random,2-3,50
12,360,random,2-4,60
12,360,random,3-4,63
12,360,geometry,1-2,57
12,360,geometry,1-3,64
12,360,geometry,1-4,58
12,360,geometry,2-3,58
12,360,geometry,2-4,56
12,360,geometry,3-4,67
12,360,information,1-2,53
12,360,information,1-3,71
12,360,information,1-4,66
12,360,information,2-3,45
12,360,information,2-4,52
12,360,information,3-4,73
12,720,cyclic,1-2,120
12,720,cyclic,1-3,120
12,720,cyclic,1-4,120
12,720,cyclic,2-3,120
12,720,cyclic,2-4,120
12,720,cyclic,3-4,120
12,720,random,1-2,138
12,720,random,1-3,111
12,720,random,1-4,113
12,720,random,2-3,128
12,720,random,2-4,123
12,720,random,3-4,107
12,720,geometry,1-2,111
12,720,geometry,1-3,131
12,720,geometry,1-4,116
12,720,geometry,2-3,114
12,720,geometry,2-4,112
12,720,geometry,3-4,136
12,720,information,1-2,107
12,720,information,1-3,144
12,720,information,1-4,133
12,720,information,2-3,90
12,720,information,2-4,92
12,720,information,3-4,154
13,180,cyclic,1-2,30
13,180,cyclic,1-3,30
13,180,cyclic,1-4,30
13,180,cyclic,2-3,30
13,180,cyclic,2-4,30
13,180,cyclic,3-4,30
13,180,random,1-2,28
13,180,random,1-3,25
13,180,random,1-4,27
13,180,random,2-3,29
13,180,random,2-4,34
13,180,random,3-4,37
13,180,geometry,1-2,28
13,180,geometry,1-3,32
13,180,geometry,1-4,28
13,180,geometry,2-3,30
13,180,geometry,2-4,28
13,180,geometry,3-4,34
13,180,information,1-2,25
13,180,information,1-3,34
13,180,information,1-4,34
13,180,information,2-3,22
13,180,information,2-4,29
13,180,information,3-4,36
13,360,cyclic,1-2,60
13,360,cyclic,1-3,60
13,360,cyclic,1-4,60
13,360,cyclic,2-3,60
13,360,cyclic,2-4,60
13,360,cyclic,3-4,60
13,360,random,1-2,70
13,360,random,1-3,60
13,360,random,1-4,59
13,360,random,2-3,58
13,360,random,2-4,63
13,360,random,3-4,50
13,360,geometry,1-2,55
13,360,geometry,1-3,66
13,360,geometry,1-4,58
13,360,geometry,2-3,58
13,360,geometry,2-4,55
13,360,geometry,3-4,68
13,360,information,1-2,53
13,360,information,1-3,74
13,360,information,1-4,65
13,360,information,2-3,46
13,360,information,2-4,51
13,360,information,3-4,71
13,720,cyclic,1-2,120
13,720,cyclic,1-3,120
13,720,cyclic,1-4,120
13,720,cyclic,2-3,120
13,720,cyclic,2-4,120
13,720,cyclic,3-4,120
13,720,random,1-2,116
13,720,random,1-3,113
13,720,random,1-4,121
13,720,random,2-3,135
13,720,random,2-4,116
13,720,random,3-4,119
13,720,geometry,1-2,109
13,720,geometry,1-3,132
13,720,geometry,1-4,117
13,720,geometry,2-3,114
13,720,geometry,2-4,112
13,720,geometry,3-4,136
13,720,information,1-2,101
13,720,information,1-3,140
13,720,information,1-4,133
13,720,information,2-3,92
13,720,information,2-4,94
13,720,information,3-4,160
14,180,cyclic,1-2,30
14,180,cyclic,1-3,30
14,180,cyclic,1-4,30
14,180,cyclic,2-3,30
14,180,cyclic,2-4,30
14,180,cyclic,3-4,30
14,180,random,1-2,26
14,180,random,1-3,34
14,180,random,1-4,37
14,180,random,2-3,29
14,180,random,2-4,26
14,180,random,3-4,28
14,180,geometry,1-2,28
14,180,geometry,1-3,34
14,180,geometry,1-4,28
14,180,geometry,2-3,29
14,180,geometry,2-4,28
14,180,geometry,3-4,33
14,180,information,1-2,27
14,180,information,1-3,35
14,180,information,1-4,32
14,180,information,2-3,21
14,180,information,2-4,31
14,180,information,3-4,34
14,360,cyclic,1-2,60
14,360,cyclic,1-3,60
14,360,cyclic,1-4,60
14,360,cyclic,2-3,60
14,360,cyclic,2-4,60
14,360,cyclic,3-4,60
14,360,random,1-2,53
14,360,random,1-3,57
14,360,random,1-4,64
14,360,random,2-3,69
14,360,random,2-4,63
14,360,random,3-4,54
14,360,geometry,1-2,56
14,360,geometry,1-3,66
14,360,geometry,1-4,56
14,360,geometry,2-3,58
14,360,geometry,2-4,57
14,360,geometry,3-4,67
14,360,information,1-2,50
14,360,information,1-3,70
14,360,information,1-4,65
14,360,information,2-3,47
14,360,information,2-4,53
14,360,information,3-4,75
14,720,cyclic,1-2,120
14,720,cyclic,1-3,120
14,720,cyclic,1-4,120
14,720,cyclic,2-3,120
14,720,cyclic,2-4,120
14,720,cyclic,3-4,120
14,720,random,1-2,126
14,720,random,1-3,115
14,720,random,1-4,116
14,720,random,2-3,128
14,720,random,2-4,109
14,720,random,3-4,126
14,720,geometry,1-2,110
14,720,geometry,1-3,131
14,720,geometry,1-4,116
14,720,geometry,2-3,114
14,720,geometry,2-4,114
14,720,geometry,3-4,135
14,720,information,1-2,106
14,720,information,1-3,142
14,720,information,1-4,131
14,720,information,2-3,90
14,720,information,2-4,95
14,720,information,3-4,156
15,180,cyclic,1-2,30
15,180,cyclic,1-3,30
15,180,cyclic,1-4,30
15,180,cyclic,2-3,30
15,180,cyclic,2-4,30
15,180,cyclic,3-4,30
15,180,random,1-2,28
15,180,random,1-3,28
15,180,random,1-4,21
15,180,random,2-3,34
15,180,random,2-4,27
15,180,random,3-4,42
15,180,geometry,1-2,28
15,180,geometry,1-3,33
15,180,geometry,1-4,28
15,180,geometry,2-3,29
15,180,geometry,2-4,28
15,180,geometry,3-4,34
15,180,information,1-2,26
15,180,information,1-3,36
15,180,information,1-4,32
15,180,information,2-3,23
15,180,information,2-4,29
15,180,information,3-4,34
15,360,cyclic,1-2,60
15,360,cyclic,1-3,60
15,360,cyclic,1-4,60
15,360,cyclic,2-3,60
15,360,cyclic,2-4,60
15,360,cyclic,3-4,60
15,360,random,1-2,52
15,360,random,1-3,51
15,360,random,1-4,73
15,360,random,2-3,61
15,360,random,2-4,46
15,360,random,3-4,77
15,360,geometry,1-2,54
15,360,geometry,1-3,65
15,360,geometry,1-4,59
15,360,geometry,2-3,58
15,360,geometry,2-4,55
15,360,geometry,3-4,69
15,360,information,1-2,52
15,360,information,1-3,71
15,360,information,1-4,65
15,360,information,2-3,46
15,360,information,2-4,51
15,360,information,3-4,75
15,720,cyclic,1-2,120
15,720,cyclic,1-3,120
15,720,cyclic,1-4,120
15,720,cyclic,2-3,120
15,720,cyclic,2-4,120
15,720,cyclic,3-4,120
15,720,random,1-2,107
15,720,random,1-3,132
15,720,random,1-4,126
15,720,random,2-3,117
15,720,random,2-4,123
15,720,random,3-4,115
15,720,geometry,1-2,111
15,720,geometry,1-3,129
15,720,geometry,1-4,116
15,720,geometry,2-3,114
15,720,geometry,2-4,112
15,720,geometry,3-4,138
15,720,information,1-2,103
15,720,information,1-3,141
15,720,information,1-4,134
15,720,information,2-3,93
15,720,information,2-4,91
15,720,information,3-4,158
16,180,cyclic,1-2,30
16,180,cyclic,1-3,30
16,180,cyclic,1-4,30
16,180,cyclic,2-3,30
16,180,cyclic,2-4,30
16,180,cyclic,3-4,30
16,180,random,1-2,27
16,180,random,1-3,32
16,180,random,1-4,34
16,180,random,2-3,28
16,180,random,2-4,22
16,180,random,3-4,37
16,180,geometry,1-2,28
16,180,geometry,1-3,33
16,180,geometry,1-4,29
16,180,geometry,2-3,28
16,180,geometry,2-4,29
16,180,geometry,3-4,33
16,180,information,1-2,27
16,180,information,1-3,37
16,180,information,1-4,32
16,180,information,2-3,22
16,180,information,2-4,28
16,180,information,3-4,34
16,360,cyclic,1-2,60
16,360,cyclic,1-3,60
16,360,cyclic,1-4,60
16,360,cyclic,2-3,60
16,360,cyclic,2-4,60
16,360,cyclic,3-4,60
16,360,random,1-2,59
16,360,random,1-3,54
16,360,random,1-4,56
16,360,random,2-3,71
16,360,random,2-4,64
16,360,random,3-4,56
16,360,geometry,1-2,56
16,360,geometry,1-3,66
16,360,geometry,1-4,57
16,360,geometry,2-3,58
16,360,geometry,2-4,56
16,360,geometry,3-4,67
16,360,information,1-2,51
16,360,information,1-3,72
16,360,information,1-4,66
16,360,information,2-3,45
16,360,information,2-4,53
16,360,information,3-4,73
16,720,cyclic,1-2,120
16,720,cyclic,1-3,120
16,720,cyclic,1-4,120
16,720,cyclic,2-3,120
16,720,cyclic,2-4,120
16,720,cyclic,3-4,120
16,720,random,1-2,121
16,720,random,1-3,111
16,720,random,1-4,118
16,720,random,2-3,126
16,720,random,2-4,127
16,720,random,3-4,117
16,720,geometry,1-2,112
16,720,geometry,1-3,130
16,720,geometry,1-4,115
16,720,geometry,2-3,113
16,720,geometry,2-4,113
16,720,geometry,3-4,137
16,720,information,1-2,103
16,720,information,1-3,144
16,720,information,1-4,133
16,720,information,2-3,91
16,720,information,2-4,93
16,720,information,3-4,156
17,180,cyclic,1-2,30
17,180,cyclic,1-3,30
17,180,cyclic,1-4,30
17,180,cyclic,2-3,30
17,180,cyclic,2-4,30
17,180,cyclic,3-4,30
17,180,random,1-2,31
17,180,random,1-3,35
17,180,random,1-4,29
17,180,random,2-3,26
17,180,random,2-4,31
17,180,random,3-4,28
17,180,geometry,1-2,28
17,180,geometry,1-3,32
17,180,geometry,1-4,29
17,180,geometry,2-3,29
17,180,geometry,2-4,29
17,180,geometry,3-4,33
17,180,information,1-2,26
17,180,information,1-3,35
17,180,information,1-4,32
17,180,information,2-3,23
17,180,information,2-4,29
17,180,information,3-4,35
17,360,cyclic,1-2,60
17,360,cyclic,1-3,60
17,360,cyclic,1-4,60
17,360,cyclic,2-3,60
17,360,cyclic,2-4,60
17,360,cyclic,3-4,60
17,360,random,1-2,50
17,360,random,1-3,62
17,360,random,1-4,59
17,360,random,2-3,66
17,360,random,2-4,51
17,360,random,3-4,72
17,360,geometry,1-2,55
17,360,geometry,1-3,66
17,360,geometry,1-4,56
17,360,geometry,2-3,58
17,360,geometry,2-4,56
17,360,geometry,3-4,69
17,360,information,1-2,52
17,360,information,1-3,70
17,360,information,1-4,67
17,360,information,2-3,45
17,360,information,2-4,53
17,360,information,3-4,73
17,720,cyclic,1-2,120
17,720,cyclic,1-3,120
17,720,cyclic,1-4,120
17,720,cyclic,2-3,120
17,720,cyclic,2-4,120
17,720,cyclic,3-4,120
17,720,random,1-2,140
17,720,random,1-3,120
17,720,random,1-4,107
17,720,random,2-3,110
17,720,random,2-4,127
17,720,random,3-4,116
17,720,geometry,1-2,110
17,720,geometry,1-3,131
17,720,geometry,1-4,116
17,720,geometry,2-3,114
17,720,geometry,2-4,110
17,720,geometry,3-4,139
17,720,information,1-2,102
17,720,information,1-3,142
17,720,information,1-4,133
17,720,information,2-3,91
17,720,information,2-4,94
17,720,information,3-4,158
18,180,cyclic,1-2,30
18,180,cyclic,1-3,30
18,180,cyclic,1-4,30
18,180,cyclic,2-3,30
18,180,cyclic,2-4,30
18,180,cyclic,3-4,30
18,180,random,1-2,22
18,180,random,1-3,39
18,180,random,1-4,34
18,180,random,2-3,21
18,180,random,2-4,34
18,180,random,3-4,30
18,180,geometry,1-2,29
18,180,geometry,1-3,32
18,180,geometry,1-4,29
18,180,geometry,2-3,29
18,180,geometry,2-4,28
18,180,geometry,3-4,33
18,180,information,1-2,27
18,180,information,1-3,36
18,180,information,1-4,33
18,180,information,2-3,22
18,180,information,2-4,27
18,180,information,3-4,35
18,360,cyclic,1-2,60
18,360,cyclic,1-3,60
18,360,cyclic,1-4,60
18,360,cyclic,2-3,60
18,360,cyclic,2-4,60
18,360,cyclic,3-4,60
18,360,random,1-2,68
18,360,random,1-3,62
18,360,random,1-4,57
18,360,random,2-3,63
18,360,random,2-4,51
18,360,random,3-4,59
18,360,geometry,1-2,56
18,360,geometry,1-3,66
18,360,geometry,1-4,57
18,360,geometry,2-3,57
18,360,geometry,2-4,56
18,360,geometry,3-4,68
18,360,information,1-2,53
18,360,information,1-3,72
18,360,information,1-4,65
18,360,information,2-3,45
18,360,information,2-4,51
18,360,information,3-4,74
18,720,cyclic,1-2,120
18,720,cyclic,1-3,120
18,720,cyclic,1-4,120
18,720,cyclic,2-3,120
18,720,cyclic,2-4,120
18,720,cyclic,3-4,120
18,720,random,1-2,128
18,720,random,1-3,116
18,720,random,1-4,118
18,720,random,2-3,126
18,720,random,2-4,123
18,720,random,3-4,109
18,720,geometry,1-2,111
18,720,geometry,1-3,131
18,720,geometry,1-4,117
18,720,geometry,2-3,113
18,720,geometry,2-4,112
18,720,geometry,3-4,136
18,720,information,1-2,104
18,720,information,1-3,143
18,720,information,1-4,134
18,720,information,2-3,90
18,720,information,2-4,94
18,720,information,3-4,155
19,180,cyclic,1-2,30
19,180,cyclic,1-3,30
19,180,cyclic,1-4,30
19,180,cyclic,2-3,30
19,180,cyclic,2-4,30
19,180,cyclic,3-4,30
19,180,random,1-2,31
19,180,random,1-3,33
19,180,random,1-4,34
19,180,random,2-3,30
19,180,random,2-4,22
19,180,random,3-4,30
19,180,geometry,1-2,28
19,180,geometry,1-3,33
19,180,geometry,1-4,28
19,180,geometry,2-3,29
19,180,geometry,2-4,29
19,180,geometry,3-4,33
19,180,information,1-2,26
19,180,information,1-3,37
19,180,information,1-4,31
19,180,information,2-3,23
19,180,information,2-4,29
19,180,information,3-4,34
19,360,cyclic,1-2,60
19,360,cyclic,1-3,60
19,360,cyclic,1-4,60
19,360,cyclic,2-3,60
19,360,cyclic,2-4,60
19,360,cyclic,3-4,60
19,360,random,1-2,50
19,360,random,1-3,60
19,360,random,1-4,60
19,360,random,2-3,76
19,360,random,2-4,55
19,360,random,3-4,59
19,360,geometry,1-2,55
19,360,geometry,1-3,66
19,360,geometry,1-4,57
19,360,geometry,2-3,57
19,360,geometry,2-4,57
19,360,geometry,3-4,68
19,360,information,1-2,50
19,360,information,1-3,71
19,360,information,1-4,65
19,360,information,2-3,47
19,360,information,2-4,53
19,360,information,3-4,74
19,720,cyclic,1-2,120
19,720,cyclic,1-3,120
19,720,cyclic,1-4,120
19,720,cyclic,2-3,120
19,720,cyclic,2-4,120
19,720,cyclic,3-4,120
19,720,random,1-2,126
19,720,random,1-3,106
19,720,random,1-4,130
19,720,random,2-3,104
19,720,random,2-4,121
19,720,random,3-4,133
19,720,geometry,1-2,110
19,720,geometry,1-3,130
19,720,geometry,1-4,116
19,720,geometry,2-3,113
19,720,geometry,2-4,112
19,720,geometry,3-4,139
19,720,information,1-2,105
19,720,information,1-3,143
19,720,information,1-4,130
19,720,information,2-3,92
19,720,information,2-4,94
19,720,information,3-4,156
