policy,time_s,pair
cyclic,0.2,1-2
cyclic,0.4,1-3
cyclic,0.5,1-4
cyclic,0.7,2-3
cyclic,0.9,2-4
cyclic,1.0,3-4
cyclic,1.2,1-2
cyclic,1.4,1-3
cyclic,1.5,1-4
cyclic,1.7,2-3
cyclic,1.9,2-4
cyclic,2.0,3-4
cyclic,2.2,1-2
cyclic,2.4,1-3
cyclic,2.5,1-4
cyclic,2.7,2-3
cyclic,2.9,2-4
cyclic,3.0,3-4
cyclic,3.2,1-2
cyclic,3.4,1-3
cyclic,3.5,1-4
cyclic,3.7,2-3
cyclic,3.9,2-4
cyclic,4.0,3-4
cyclic,4.2,1-2
cyclic,4.4,1-3
cyclic,4.5,1-4
cyclic,4.7,2-3
cyclic,4.9,2-4
cyclic,5.0,3-4
cyclic,5.2,1-2
cyclic,5.4,1-3
cyclic,5.5,1-4
cyclic,5.7,2-3
cyclic,5.9,2-4
cyclic,6.0,3-4
cyclic,6.2,1-2
cyclic,6.4,1-3
cyclic,6.5,1-4
cyclic,6.7,2-3
cyclic,6.9,2-4
cyclic,7.0,3-4
cyclic,7.2,1-2
cyclic,7.4,1-3
cyclic,7.5,1-4
cyclic,7.7,2-3
cyclic,7.9,2-4
cyclic,8.0,3-4
cyclic,8.2,1-2
cyclic,8.4,1-3
cyclic,8.5,1-4
cyclic,8.7,2-3
cyclic,8.9,2-4
cyclic,9.0,3-4
cyclic,9.2,1-2
cyclic,9.4,1-3
cyclic,9.5,1-4
cyclic,9.7,2-3
cyclic,9.9,2-4
cyclic,10.0,3-4
cyclic,10.2,1-2
cyclic,10.4,1-3
cyclic,10.5,1-4
cyclic,10.7,2-3
cyclic,10.9,2-4
cyclic,11.0,3-4
cyclic,11.2,1-2
cyclic,11.4,1-3
cyclic,11.5,1-4
cyclic,11.7,2-3
cyclic,11.9,2-4
cyclic,12.0,3-4
cyclic,12.2,1-2
cyclic,12.4,1-3
cyclic,12.5,1-4
cyclic,12.7,2-3
cyclic,12.9,2-4
cyclic,13.0,3-4
cyclic,13.2,1-2
cyclic,13.4,1-3
cyclic,13.5,1-4
cyclic,13.7,2-3
cyclic,13.9,2-4
cyclic,14.0,3-4
cyclic,14.2,1-2
cyclic,14.4,1-3
cyclic,14.5,1-4
cyclic,14.7,2-3
cyclic,14.9,2-4
cyclic,15.0,3-4
cyclic,15.2,1-2
cyclic,15.4,1-3
cyclic,15.5,1-4
cyclic,15.7,2-3
cyclic,15.9,2-4
cyclic,16.0,3-4
cyclic,16.2,1-2
cyclic,16.4,1-3
cyclic,16.5,1-4
cyclic,16.7,2-3
cyclic,16.9,2-4
cyclic,17.0,3-4
cyclic,17.2,1-2
cyclic,17.4,1-3
cyclic,17.5,1-4
cyclic,17.7,2-3
cyclic,17.9,2-4
cyclic,18.0,3-4
cyclic,18.2,1-2
cyclic,18.4,1-3
cyclic,18.5,1-4
cyclic,18.7,2-3
cyclic,18.9,2-4
cyclic,19.0,3-4
cyclic,19.2,1-2
cyclic,19.4,1-3
cyclic,19.5,1-4
cyclic,19.7,2-3
cyclic,19.9,2-4
cyclic,20.0,3-4
cyclic,20.2,1-2
cyclic,20.4,1-3
cyclic,20.5,1-4
cyclic,20.7,2-3
cyclic,20.9,2-4
cyclic,21.0,3-4
cyclic,21.2,1-2
cyclic,21.4,1-3
cyclic,21.5,1-4
cyclic,21.7,2-3
cyclic,21.9,2-4
cyclic,22.0,3-4
cyclic,22.2,1-2
cyclic,22.4,1-3
cyclic,22.5,1-4
cyclic,22.7,2-3
cyclic,22.9,2-4
cyclic,23.0,3-4
cyclic,23.2,1-2
cyclic,23.4,1-3
cyclic,23.5,1-4
cyclic,23.7,2-3
cyclic,23.9,2-4
cyclic,24.0,3-4
cyclic,24.2,1-2
cyclic,24.4,1-3
cyclic,24.5,1-4
cyclic,24.7,2-3
cyclic,24.9,2-4
cyclic,25.0,3-4
cyclic,25.2,1-2
cyclic,25.4,1-3
cyclic,25.5,1-4
cyclic,25.7,2-3
cyclic,25.9,2-4
cyclic,26.0,3-4
cyclic,26.2,1-2
cyclic,26.4,1-3
cyclic,26.5,1-4
cyclic,26.7,2-3
cyclic,26.9,2-4
cyclic,27.0,3-4
cyclic,27.2,1-2
cyclic,27.4,1-3
cyclic,27.5,1-4
cyclic,27.7,2-3
cyclic,27.9,2-4
cyclic,28.0,3-4
cyclic,28.2,1-2
cyclic,28.4,1-3
cyclic,28.5,1-4
cyclic,28.7,2-3
cyclic,28.9,2-4
cyclic,29.0,3-4
cyclic,29.2,1-2
cyclic,29.4,1-3
cyclic,29.5,1-4
cyclic,29.7,2-3
cyclic,29.9,2-4
cyclic,30.0,3-4
cyclic,30.2,1-2
cyclic,30.4,1-3
cyclic,30.5,1-4
cyclic,30.7,2-3
cyclic,30.9,2-4
cyclic,31.0,3-4
cyclic,31.2,1-2
cyclic,31.4,1-3
cyclic,31.5,1-4
cyclic,31.7,2-3
cyclic,31.9,2-4
cyclic,32.0,3-4
cyclic,32.2,1-2
cyclic,32.4,1-3
cyclic,32.5,1-4
cyclic,32.7,2-3
cyclic,32.9,2-4
cyclic,33.0,3-4
cyclic,33.2,1-2
cyclic,33.4,1-3
cyclic,33.5,1-4
cyclic,33.7,2-3
cyclic,33.9,2-4
cyclic,34.0,3-4
cyclic,34.2,1-2
cyclic,34.4,1-3
cyclic,34.5,1-4
cyclic,34.7,2-3
cyclic,34.9,2-4
cyclic,35.0,3-4
cyclic,35.2,1-2
cyclic,35.4,1-3
cyclic,35.5,1-4
cyclic,35.7,2-3
cyclic,35.9,2-4
cyclic,36.0,3-4
cyclic,36.2,1-2
cyclic,36.4,1-3
cyclic,36.5,1-4
cyclic,36.7,2-3
cyclic,36.9,2-4
cyclic,37.0,3-4
cyclic,37.2,1-2
cyclic,37.4,1-3
cyclic,37.5,1-4
cyclic,37.7,2-3
cyclic,37.9,2-4
cyclic,38.0,3-4
cyclic,38.2,1-2
cyclic,38.4,1-3
cyclic,38.5,1-4
cyclic,38.7,2-3
cyclic,38.9,2-4
cyclic,39.0,3-4
cyclic,39.2,1-2
cyclic,39.4,1-3
cyclic,39.5,1-4
cyclic,39.7,2-3
cyclic,39.9,2-4
cyclic,40.0,3-4
cyclic,40.2,1-2
cyclic,40.4,1-3
cyclic,40.5,1-4
cyclic,40.7,2-3
cyclic,40.9,2-4
cyclic,41.0,3-4
cyclic,41.2,1-2
cyclic,41.4,1-3
cyclic,41.5,1-4
cyclic,41.7,2-3
cyclic,41.9,2-4
cyclic,42.0,3-4
cyclic,42.2,1-2
cyclic,42.4,1-3
cyclic,42.5,1-4
cyclic,42.7,2-3
cyclic,42.9,2-4
cyclic,43.0,3-4
cyclic,43.2,1-2
cyclic,43.4,1-3
cyclic,43.5,1-4
cyclic,43.7,2-3
cyclic,43.9,2-4
cyclic,44.0,3-4
cyclic,44.2,1-2
cyclic,44.4,1-3
cyclic,44.5,1-4
cyclic,44.7,2-3
cyclic,44.9,2-4
cyclic,45.0,3-4
cyclic,45.2,1-2
cyclic,45.4,1-3
cyclic,45.5,1-4
cyclic,45.7,2-3
cyclic,45.9,2-4
cyclic,46.0,3-4
cyclic,46.2,1-2
cyclic,46.4,1-3
cyclic,46.5,1-4
cyclic,46.7,2-3
cyclic,46.9,2-4
cyclic,47.0,3-4
cyclic,47.2,1-2
cyclic,47.4,1-3
cyclic,47.5,1-4
cyclic,47.7,2-3
cyclic,47.9,2-4
cyclic,48.0,3-4
cyclic,48.2,1-2
cyclic,48.4,1-3
cyclic,48.5,1-4
cyclic,48.7,2-3
cyclic,48.9,2-4
cyclic,49.0,3-4
cyclic,49.2,1-2
cyclic,49.4,1-3
cyclic,49.5,1-4
cyclic,49.7,2-3
cyclic,49.9,2-4
cyclic,50.0,3-4
cyclic,50.2,1-2
cyclic,50.4,1-3
cyclic,50.5,1-4
cyclic,50.7,2-3
cyclic,50.9,2-4
cyclic,51.0,3-4
cyclic,51.2,1-2
cyclic,51.4,1-3
cyclic,51.5,1-4
cyclic,51.7,2-3
cyclic,51.9,2-4
cyclic,52.0,3-4
cyclic,52.2,1-2
cyclic,52.4,1-3
cyclic,52.5,1-4
cyclic,52.7,2-3
cyclic,52.9,2-4
cyclic,53.0,3-4
cyclic,53.2,1-2
cyclic,53.4,1-3
cyclic,53.5,1-4
cyclic,53.7,2-3
cyclic,53.9,2-4
cyclic,54.0,3-4
cyclic,54.2,1-2
cyclic,54.4,1-3
cyclic,54.5,1-4
cyclic,54.7,2-3
cyclic,54.9,2-4
cyclic,55.0,3-4
cyclic,55.2,1-2
cyclic,55.4,1-3
cyclic,55.5,1-4
cyclic,55.7,2-3
cyclic,55.9,2-4
cyclic,56.0,3-4
cyclic,56.2,1-2
cyclic,56.4,1-3
cyclic,56.5,1-4
cyclic,56.7,2-3
cyclic,56.9,2-4
cyclic,57.0,3-4
cyclic,57.2,1-2
cyclic,57.4,1-3
cyclic,57.5,1-4
cyclic,57.7,2-3
cyclic,57.9,2-4
cyclic,58.0,3-4
cyclic,58.2,1-2
cyclic,58.4,1-3
cyclic,58.5,1-4
cyclic,58.7,2-3
cyclic,58.9,2-4
cyclic,59.0,3-4
cyclic,59.2,1-2
cyclic,59.4,1-3
cyclic,59.5,1-4
cyclic,59.7,2-3
cyclic,59.9,2-4
cyclic,60.0,3-4
random,0.2,3-4
random,0.4,2-4
random,0.5,2-3
random,0.7,1-4
random,0.9,1-3
random,1.0,1-4
random,1.2,1-2
random,1.4,1-3
random,1.5,1-2
random,1.7,2-3
random,1.9,1-3
random,2.0,1-4
random,2.2,2-3
random,2.4,2-3
random,2.5,1-2
random,2.7,3-4
random,2.9,2-3
random,3.0,1-2
random,3.2,1-3
random,3.4,2-4
random,3.5,1-4
random,3.7,2-4
random,3.9,2-4
random,4.0,2-3
random,4.2,1-4
random,4.4,1-3
random,4.5,3-4
random,4.7,3-4
random,4.9,2-3
random,5.0,1-2
random,5.2,3-4
random,5.4,1-2
random,5.5,1-2
random,5.7,1-3
random,5.9,2-3
random,6.0,1-4
random,6.2,3-4
random,6.4,1-4
random,6.5,1-3
random,6.7,2-4
random,6.9,2-4
random,7.0,2-3
random,7.2,2-3
random,7.4,2-4
random,7.5,3-4
random,7.7,2-4
random,7.9,2-3
random,8.0,1-3
random,8.2,1-3
random,8.4,2-4
random,8.5,1-4
random,8.7,3-4
random,8.9,1-4
random,9.0,1-4
random,9.2,1-2
random,9.4,2-4
random,9.5,1-2
random,9.7,3-4
random,9.9,3-4
random,10.0,1-2
random,10.2,2-4
random,10.4,1-2
random,10.5,2-4
random,10.7,1-3
random,10.9,2-3
random,11.0,3-4
random,11.2,3-4
random,11.4,1-3
random,11.5,2-4
random,11.7,2-4
random,11.9,1-3
random,12.0,1-3
random,12.2,2-4
random,12.4,3-4
random,12.5,2-3
random,12.7,2-3
random,12.9,2-3
random,13.0,2-3
random,13.2,1-4
random,13.4,1-3
random,13.5,1-3
random,13.7,2-3
random,13.9,3-4
random,14.0,2-4
random,14.2,3-4
random,14.4,1-3
random,14.5,2-4
random,14.7,1-2
random,14.9,1-4
random,15.0,3-4
random,15.2,1-3
random,15.4,1-2
random,15.5,2-3
random,15.7,2-3
random,15.9,2-4
random,16.0,1-2
random,16.2,3-4
random,16.4,1-2
random,16.5,1-3
random,16.7,1-4
random,16.9,1-4
random,17.0,2-3
random,17.2,1-2
random,17.4,1-4
random,17.5,1-3
random,17.7,2-3
random,17.9,1-3
random,18.0,1-3
random,18.2,1-2
random,18.4,2-3
random,18.5,1-3
random,18.7,1-4
random,18.9,1-2
random,19.0,1-4
random,19.2,1-4
random,19.4,3-4
random,19.5,2-3
random,19.7,2-3
random,19.9,2-4
random,20.0,1-4
random,20.2,1-3
random,20.4,3-4
random,20.5,3-4
random,20.7,2-3
random,20.9,2-4
random,21.0,1-3
random,21.2,1-3
random,21.4,2-3
random,21.5,1-3
random,21.7,2-4
random,21.9,2-4
random,22.0,2-4
random,22.2,1-2
random,22.4,2-3
random,22.5,3-4
random,22.7,1-4
random,22.9,2-4
random,23.0,1-3
random,23.2,2-4
random,23.4,3-4
random,23.5,2-4
random,23.7,1-2
random,23.9,1-3
random,24.0,1-3
random,24.2,2-4
random,24.4,2-4
random,24.5,2-4
random,24.7,2-3
random,24.9,3-4
random,25.0,3-4
random,25.2,1-2
random,25.4,1-3
random,25.5,3-4
random,25.7,1-4
random,25.9,1-4
random,26.0,2-4
random,26.2,1-4
random,26.4,1-2
random,26.5,1-4
random,26.7,1-4
random,26.9,2-4
random,27.0,2-4
random,27.2,2-3
random,27.4,1-2
random,27.5,1-2
random,27.7,2-4
random,27.9,3-4
random,28.0,2-4
random,28.2,2-4
random,28.4,1-4
random,28.5,1-2
random,28.7,1-3
random,28.9,1-2
random,29.0,2-4
random,29.2,1-3
random,29.4,1-4
random,29.5,1-3
random,29.7,1-2
random,29.9,1-2
random,30.0,1-2
random,30.2,1-3
random,30.4,2-4
random,30.5,1-2
random,30.7,1-4
random,30.9,3-4
random,31.0,1-2
random,31.2,2-4
random,31.4,1-3
random,31.5,2-4
random,31.7,1-4
random,31.9,1-2
random,32.0,1-2
random,32.2,1-2
random,32.4,2-3
random,32.5,3-4
random,32.7,1-3
random,32.9,2-4
random,33.0,1-3
random,33.2,2-3
random,33.4,1-4
random,33.5,2-4
random,33.7,2-3
random,33.9,1-2
random,34.0,2-3
random,34.2,2-4
random,34.4,2-4
random,34.5,1-2
random,34.7,1-4
random,34.9,2-3
random,35.0,2-4
random,35.2,2-4
random,35.4,2-4
random,35.5,1-2
random,35.7,3-4
random,35.9,1-4
random,36.0,1-2
random,36.2,3-4
random,36.4,2-3
random,36.5,2-3
random,36.7,1-4
random,36.9,1-3
random,37.0,1-3
random,37.2,2-4
random,37.4,1-2
random,37.5,2-4
random,37.7,1-4
random,37.9,3-4
random,38.0,1-4
random,38.2,1-3
random,38.4,1-4
random,38.5,3-4
random,38.7,1-4
random,38.9,3-4
random,39.0,2-3
random,39.2,2-4
random,39.4,3-4
random,39.5,1-3
random,39.7,1-2
random,39.9,1-2
random,40.0,2-3
random,40.2,1-3
random,40.4,1-2
random,40.5,2-4
random,40.7,2-3
random,40.9,2-3
random,41.0,2-3
random,41.2,1-4
random,41.4,3-4
random,41.5,1-2
random,41.7,1-3
random,41.9,2-4
random,42.0,1-4
random,42.2,1-4
random,42.4,3-4
random,42.5,2-4
random,42.7,3-4
random,42.9,1-3
random,43.0,1-3
random,43.2,1-4
random,43.4,3-4
random,43.5,1-2
random,43.7,2-4
random,43.9,1-3
random,44.0,1-3
random,44.2,1-2
random,44.4,3-4
random,44.5,1-2
random,44.7,1-2
random,44.9,1-3
random,45.0,2-4
random,45.2,1-2
random,45.4,3-4
random,45.5,1-3
random,45.7,2-3
random,45.9,1-4
random,46.0,2-4
random,46.2,3-4
random,46.4,1-3
random,46.5,1-2
random,46.7,2-4
random,46.9,2-4
random,47.0,1-4
random,47.2,2-4
random,47.4,3-4
random,47.5,3-4
random,47.7,3-4
random,47.9,1-4
random,48.0,2-4
random,48.2,1-3
random,48.4,2-4
random,48.5,2-3
random,48.7,1-3
random,48.9,2-4
random,49.0,3-4
random,49.2,2-4
random,49.4,1-4
random,49.5,1-4
random,49.7,3-4
random,49.9,3-4
random,50.0,2-4
random,50.2,3-4
random,50.4,2-3
random,50.5,1-4
random,50.7,1-4
random,50.9,2-4
random,51.0,3-4
random,51.2,3-4
random,51.4,1-4
random,51.5,1-3
random,51.7,1-2
random,51.9,1-3
random,52.0,1-3
random,52.2,3-4
random,52.4,3-4
random,52.5,1-3
random,52.7,2-4
random,52.9,2-3
random,53.0,2-3
random,53.2,1-3
random,53.4,2-4
random,53.5,1-2
random,53.7,3-4
random,53.9,2-4
random,54.0,1-2
random,54.2,1-3
random,54.4,2-4
random,54.5,2-3
random,54.7,3-4
random,54.9,1-2
random,55.0,1-3
random,55.2,1-3
random,55.4,1-2
random,55.5,3-4
random,55.7,1-4
random,55.9,1-2
random,56.0,2-3
random,56.2,2-4
random,56.4,2-3
random,56.5,1-3
random,56.7,1-2
random,56.9,1-3
random,57.0,2-4
random,57.2,2-3
random,57.4,1-4
random,57.5,1-4
random,57.7,2-3
random,57.9,1-3
random,58.0,2-3
random,58.2,1-3
random,58.4,1-2
random,58.5,1-3
random,58.7,3-4
random,58.9,1-3
random,59.0,3-4
random,59.2,1-3
random,59.4,3-4
random,59.5,1-4
random,59.7,1-2
random,59.9,1-2
random,60.0,3-4
geometry,0.2,3-4
geometry,0.4,1-2
geometry,0.5,2-3
geometry,0.7,1-3
geometry,0.9,2-4
geometry,1.0,1-4
geometry,1.2,3-4
geometry,1.4,2-3
geometry,1.5,1-3
geometry,1.7,2-4
geometry,1.9,3-4
geometry,2.0,1-2
geometry,2.2,1-4
geometry,2.4,3-4
geometry,2.5,2-3
geometry,2.7,1-3
geometry,2.9,2-4
geometry,3.0,3-4
geometry,3.2,1-2
geometry,3.4,3-4
geometry,3.5,2-3
geometry,3.7,1-3
geometry,3.9,2-4
geometry,4.0,3-4
geometry,4.2,1-2
geometry,4.4,1-4
geometry,4.5,3-4
geometry,4.7,2-3
geometry,4.9,1-2
geometry,5.0,2-4
geometry,5.2,3-4
geometry,5.4,1-2
geometry,5.5,1-4
geometry,5.7,3-4
geometry,5.9,1-2
geometry,6.0,2-4
geometry,6.2,1-3
geometry,6.4,3-4
geometry,6.5,1-2
geometry,6.7,1-4
geometry,6.9,2-3
geometry,7.0,2-4
geometry,7.2,3-4
geometry,7.4,1-2
geometry,7.5,1-3
geometry,7.7,2-4
geometry,7.9,1-3
geometry,8.0,1-2
geometry,8.2,2-3
geometry,8.4,3-4
geometry,8.5,1-4
geometry,8.7,1-3
geometry,8.9,2-4
geometry,9.0,1-2
geometry,9.2,2-3
geometry,9.4,1-3
geometry,9.5,2-4
geometry,9.7,1-2
geometry,9.9,3-4
geometry,10.0,2-3
geometry,10.2,1-3
geometry,10.4,2-4
geometry,10.5,1-2
geometry,10.7,3-4
geometry,10.9,2-3
geometry,11.0,1-4
geometry,11.2,2-4
geometry,11.4,1-3
geometry,11.5,1-2
geometry,11.7,2-3
geometry,11.9,2-4
geometry,12.0,3-4
geometry,12.2,1-4
geometry,12.4,1-2
geometry,12.5,1-3
geometry,12.7,2-4
geometry,12.9,2-3
geometry,13.0,1-4
geometry,13.2,1-2
geometry,13.4,3-4
geometry,13.5,2-4
geometry,13.7,2-3
geometry,13.9,1-3
geometry,14.0,2-4
geometry,14.2,1-4
geometry,14.4,1-2
geometry,14.5,3-4
geometry,14.7,2-3
geometry,14.9,2-4
geometry,15.0,1-4
geometry,15.2,1-2
geometry,15.4,1-3
geometry,15.5,2-4
geometry,15.7,2-3
geometry,15.9,1-4
geometry,16.0,3-4
geometry,16.2,1-2
geometry,16.4,2-4
geometry,16.5,1-4
geometry,16.7,2-3
geometry,16.9,1-3
geometry,17.0,2-4
geometry,17.2,1-2
geometry,17.4,1-4
geometry,17.5,3-4
geometry,17.7,2-4
geometry,17.9,2-3
geometry,18.0,1-4
geometry,18.2,1-2
geometry,18.4,2-4
geometry,18.5,1-3
geometry,18.7,1-4
geometry,18.9,2-3
geometry,19.0,3-4
geometry,19.2,2-4
geometry,19.4,1-2
geometry,19.5,1-4
geometry,19.7,2-3
geometry,19.9,3-4
geometry,20.0,2-4
geometry,20.2,1-4
geometry,20.4,1-2
geometry,20.5,3-4
geometry,20.7,2-4
geometry,20.9,3-4
geometry,21.0,2-3
geometry,21.2,1-4
geometry,21.4,3-4
geometry,21.5,1-2
geometry,21.7,1-3
geometry,21.9,3-4
geometry,22.0,1-4
geometry,22.2,3-4
geometry,22.4,1-2
geometry,22.5,2-3
geometry,22.7,1-4
geometry,22.9,2-4
geometry,23.0,1-3
geometry,23.2,3-4
geometry,23.4,1-4
geometry,23.5,1-2
geometry,23.7,3-4
geometry,23.9,1-4
geometry,24.0,1-3
geometry,24.2,2-4
geometry,24.4,2-3
geometry,24.5,1-2
geometry,24.7,1-4
geometry,24.9,3-4
geometry,25.0,1-3
geometry,25.2,2-4
geometry,25.4,1-4
geometry,25.5,1-2
geometry,25.7,2-3
geometry,25.9,3-4
geometry,26.0,1-4
geometry,26.2,1-3
geometry,26.4,2-4
geometry,26.5,1-2
geometry,26.7,2-3
geometry,26.9,1-4
geometry,27.0,3-4
geometry,27.2,1-3
geometry,27.4,2-4
geometry,27.5,1-4
geometry,27.7,2-3
geometry,27.9,3-4
geometry,28.0,2-4
geometry,28.2,1-3
geometry,28.4,1-4
geometry,28.5,1-2
geometry,28.7,2-3
geometry,28.9,2-4
geometry,29.0,3-4
geometry,29.2,1-3
geometry,29.4,1-4
geometry,29.5,2-3
geometry,29.7,2-4
geometry,29.9,1-3
geometry,30.0,1-4
geometry,30.2,3-4
geometry,30.4,1-2
geometry,30.5,1-3
geometry,30.7,2-3
geometry,30.9,3-4
geometry,31.0,1-4
geometry,31.2,1-3
geometry,31.4,2-4
geometry,31.5,1-3
geometry,31.7,1-2
geometry,31.9,3-4
geometry,32.0,2-3
geometry,32.2,1-3
geometry,32.4,1-4
geometry,32.5,1-3
geometry,32.7,3-4
geometry,32.9,1-3
geometry,33.0,1-2
geometry,33.2,3-4
geometry,33.4,1-3
geometry,33.5,2-4
geometry,33.7,1-3
geometry,33.9,2-4
geometry,34.0,3-4
geometry,34.2,1-3
geometry,34.4,2-4
geometry,34.5,2-3
geometry,34.7,1-3
geometry,34.9,3-4
geometry,35.0,2-4
geometry,35.2,1-3
geometry,35.4,2-4
geometry,35.5,3-4
geometry,35.7,1-3
geometry,35.9,2-3
geometry,36.0,1-2
geometry,36.2,1-3
geometry,36.4,2-4
geometry,36.5,1-4
geometry,36.7,3-4
geometry,36.9,1-3
geometry,37.0,2-3
geometry,37.2,1-2
geometry,37.4,2-4
geometry,37.5,1-4
geometry,37.7,1-2
geometry,37.9,1-3
geometry,38.0,2-3
geometry,38.2,3-4
geometry,38.4,1-2
geometry,38.5,1-4
geometry,38.7,2-4
geometry,38.9,1-2
geometry,39.0,1-3
geometry,39.2,2-3
geometry,39.4,1-4
geometry,39.5,1-2
geometry,39.7,2-4
geometry,39.9,1-3
geometry,40.0,2-3
geometry,40.2,1-4
geometry,40.4,1-2
geometry,40.5,3-4
geometry,40.7,2-3
geometry,40.9,1-4
geometry,41.0,1-2
geometry,41.2,1-3
geometry,41.4,1-4
geometry,41.5,2-3
geometry,41.7,3-4
geometry,41.9,1-2
geometry,42.0,1-4
geometry,42.2,1-3
geometry,42.4,2-3
geometry,42.5,2-4
geometry,42.7,1-4
geometry,42.9,3-4
geometry,43.0,1-3
geometry,43.2,2-3
geometry,43.4,1-4
geometry,43.5,1-2
geometry,43.7,2-3
geometry,43.9,3-4
geometry,44.0,1-3
geometry,44.2,1-4
geometry,44.4,2-3
geometry,44.5,2-4
geometry,44.7,1-3
geometry,44.9,2-3
geometry,45.0,3-4
geometry,45.2,1-4
geometry,45.4,1-2
geometry,45.5,2-3
geometry,45.7,1-3
geometry,45.9,2-4
geometry,46.0,3-4
geometry,46.2,2-3
geometry,46.4,1-4
geometry,46.5,1-3
geometry,46.7,3-4
geometry,46.9,2-3
geometry,47.0,1-2
geometry,47.2,1-4
geometry,47.4,1-3
geometry,47.5,2-4
geometry,47.7,3-4
geometry,47.9,2-3
geometry,48.0,1-3
geometry,48.2,3-4
geometry,48.4,1-4
geometry,48.5,2-3
geometry,48.7,1-2
geometry,48.9,3-4
geometry,49.0,1-3
geometry,49.2,2-4
geometry,49.4,2-3
geometry,49.5,3-4
geometry,49.7,1-4
geometry,49.9,1-3
geometry,50.0,1-2
geometry,50.2,3-4
geometry,50.4,2-3
geometry,50.5,2-4
geometry,50.7,1-3
geometry,50.9,3-4
geometry,51.0,1-4
geometry,51.2,2-3
geometry,51.4,1-2
geometry,51.5,3-4
geometry,51.7,1-3
geometry,51.9,2-4
geometry,52.0,1-4
geometry,52.2,3-4
geometry,52.4,2-3
geometry,52.5,1-3
geometry,52.7,1-2
geometry,52.9,3-4
geometry,53.0,1-4
geometry,53.2,2-3
geometry,53.4,1-3
geometry,53.5,2-4
geometry,53.7,3-4
geometry,53.9,1-2
geometry,54.0,1-3
geometry,54.2,1-4
geometry,54.4,2-3
geometry,54.5,3-4
geometry,54.7,2-4
geometry,54.9,1-3
geometry,55.0,1-2
geometry,55.2,3-4
geometry,55.4,2-3
geometry,55.5,1-4
geometry,55.7,1-3
geometry,55.9,3-4
geometry,56.0,2-4
geometry,56.2,2-3
geometry,56.4,1-4
geometry,56.5,1-3
geometry,56.7,1-2
geometry,56.9,3-4
geometry,57.0,1-3
geometry,57.2,2-3
geometry,57.4,1-4
geometry,57.5,2-4
geometry,57.7,1-3
geometry,57.9,3-4
geometry,58.0,1-2
geometry,58.2,2-3
geometry,58.4,1-3
geometry,58.5,1-4
geometry,58.7,1-2
geometry,58.9,3-4
geometry,59.0,2-4
geometry,59.2,1-2
geometry,59.4,1-3
geometry,59.5,1-4
geometry,59.7,1-2
geometry,59.9,3-4
geometry,60.0,1-2
information,0.2,3-4
information,0.4,1-2
information,0.5,1-3
information,0.7,2-4
information,0.9,2-3
information,1.0,3-4
information,1.2,1-4
information,1.4,1-3
information,1.5,1-2
information,1.7,2-3
information,1.9,2-4
information,2.0,3-4
information,2.2,1-3
information,2.4,1-4
information,2.5,2-3
information,2.7,3-4
information,2.9,2-4
information,3.0,1-2
information,3.2,1-3
information,3.4,2-3
information,3.5,3-4
information,3.7,1-4
information,3.9,2-4
information,4.0,1-3
information,4.2,3-4
information,4.4,1-2
information,4.5,2-3
information,4.7,3-4
information,4.9,2-4
information,5.0,3-4
information,5.2,1-2
information,5.4,3-4
information,5.5,1-4
information,5.7,1-2
information,5.9,3-4
information,6.0,2-4
information,6.2,3-4
information,6.4,1-2
information,6.5,3-4
information,6.7,3-4
information,6.9,2-4
information,7.0,1-3
information,7.2,1-2
information,7.4,3-4
information,7.5,3-4
information,7.7,2-3
information,7.9,1-3
information,8.0,3-4
information,8.2,2-4
information,8.4,1-2
information,8.5,1-3
information,8.7,3-4
information,8.9,2-3
information,9.0,1-3
information,9.2,2-4
information,9.4,3-4
information,9.5,1-2
information,9.7,1-3
information,9.9,2-4
information,10.0,3-4
information,10.2,1-3
information,10.4,1-2
information,10.5,2-3
information,10.7,3-4
information,10.9,2-4
information,11.0,1-3
information,11.2,1-2
information,11.4,3-4
information,11.5,2-4
information,11.7,1-3
information,11.9,1-2
information,12.0,2-4
information,12.2,2-3
information,12.4,3-4
information,12.5,1-3
information,12.7,2-4
information,12.9,1-2
information,13.0,1-4
information,13.2,3-4
information,13.4,2-4
information,13.5,1-4
information,13.7,1-2
information,13.9,2-4
information,14.0,2-3
information,14.2,1-4
information,14.4,2-4
information,14.5,3-4
information,14.7,1-4
information,14.9,1-2
information,15.0,1-4
information,15.2,2-4
information,15.4,2-3
information,15.5,1-4
information,15.7,2-4
information,15.9,1-4
information,16.0,1-2
information,16.2,2-4
information,16.4,1-4
information,16.5,1-3
information,16.7,2-4
information,16.9,1-4
information,17.0,2-3
information,17.2,2-4
information,17.4,1-4
information,17.5,1-2
information,17.7,1-4
information,17.9,2-4
information,18.0,1-4
information,18.2,2-3
information,18.4,1-4
information,18.5,2-4
information,18.7,3-4
information,18.9,1-4
information,19.0,1-2
information,19.2,1-4
information,19.4,2-4
information,19.5,1-4
information,19.7,3-4
information,19.9,2-3
information,20.0,1-4
information,20.2,3-4
information,20.4,2-4
information,20.5,1-4
information,20.7,3-4
information,20.9,3-4
information,21.0,1-4
information,21.2,3-4
information,21.4,3-4
information,21.5,1-2
information,21.7,3-4
information,21.9,1-4
information,22.0,3-4
information,22.2,1-4
information,22.4,3-4
information,22.5,1-4
information,22.7,2-4
information,22.9,1-2
information,23.0,1-4
information,23.2,3-4
information,23.4,1-4
information,23.5,2-4
information,23.7,1-3
information,23.9,1-4
information,24.0,2-3
information,24.2,1-2
information,24.4,1-4
information,24.5,2-4
information,24.7,3-4
information,24.9,1-4
information,25.0,1-3
information,25.2,1-4
information,25.4,2-4
information,25.5,1-4
information,25.7,1-2
information,25.9,1-4
information,26.0,2-3
information,26.2,1-3
information,26.4,2-4
information,26.5,1-4
information,26.7,3-4
information,26.9,1-4
information,27.0,2-4
information,27.2,1-4
information,27.4,1-3
information,27.5,2-3
information,27.7,2-4
information,27.9,1-4
information,28.0,3-4
information,28.2,1-4
information,28.4,2-4
information,28.5,1-2
information,28.7,1-3
information,28.9,1-4
information,29.0,2-3
information,29.2,3-4
information,29.4,1-4
information,29.5,1-3
information,29.7,2-4
information,29.9,3-4
information,30.0,1-4
information,30.2,2-3
information,30.4,1-3
information,30.5,1-2
information,30.7,3-4
information,30.9,1-3
information,31.0,3-4
information,31.2,1-3
information,31.4,1-2
information,31.5,3-4
information,31.7,1-3
information,31.9,1-3
information,32.0,3-4
information,32.2,1-3
information,32.4,1-3
information,32.5,3-4
information,32.7,1-3
information,32.9,1-3
information,33.0,1-3
information,33.2,1-3
information,33.4,1-3
information,33.5,2-4
information,33.7,1-3
information,33.9,1-3
information,34.0,2-4
information,34.2,1-3
information,34.4,3-4
information,34.5,2-4
information,34.7,1-3
information,34.9,2-3
information,35.0,1-3
information,35.2,2-4
information,35.4,1-3
information,35.5,3-4
information,35.7,2-4
information,35.9,1-3
information,36.0,2-3
information,36.2,3-4
information,36.4,1-3
information,36.5,2-4
information,36.7,1-2
information,36.9,1-4
information,37.0,2-3
information,37.2,1-2
information,37.4,1-3
information,37.5,1-4
information,37.7,1-2
information,37.9,2-3
information,38.0,2-4
information,38.2,1-2
information,38.4,1-4
information,38.5,1-2
information,38.7,1-3
information,38.9,1-2
information,39.0,3-4
information,39.2,2-3
information,39.4,1-4
information,39.5,1-2
information,39.7,2-4
information,39.9,1-2
information,40.0,1-3
information,40.2,1-4
information,40.4,2-3
information,40.5,1-2
information,40.7,3-4
information,40.9,1-4
information,41.0,1-2
information,41.2,2-3
information,41.4,1-4
information,41.5,1-3
information,41.7,1-2
information,41.9,1-4
information,42.0,3-4
information,42.2,2-3
information,42.4,1-4
information,42.5,1-3
information,42.7,1-2
information,42.9,2-3
information,43.0,1-4
information,43.2,3-4
information,43.4,2-3
information,43.5,1-3
information,43.7,2-4
information,43.9,1-4
information,44.0,2-3
information,44.2,1-3
information,44.4,2-3
information,44.5,3-4
information,44.7,1-4
information,44.9,1-3
information,45.0,2-3
information,45.2,2-4
information,45.4,2-3
information,45.5,3-4
information,45.7,1-3
information,45.9,1-4
information,46.0,2-3
information,46.2,1-2
information,46.4,3-4
information,46.5,1-3
information,46.7,2-3
information,46.9,2-4
information,47.0,3-4
information,47.2,1-3
information,47.4,2-3
information,47.5,1-4
information,47.7,3-4
information,47.9,1-3
information,48.0,2-3
information,48.2,3-4
information,48.4,1-3
information,48.5,2-4
information,48.7,3-4
information,48.9,1-4
information,49.0,1-3
information,49.2,3-4
information,49.4,2-3
information,49.5,1-2
information,49.7,3-4
information,49.9,1-3
information,50.0,3-4
information,50.2,2-3
information,50.4,1-3
information,50.5,1-4
information,50.7,3-4
information,50.9,2-4
information,51.0,3-4
information,51.2,1-3
information,51.4,1-2
information,51.5,3-4
information,51.7,2-3
information,51.9,1-3
information,52.0,1-4
information,52.2,3-4
information,52.4,2-4
information,52.5,3-4
information,52.7,1-3
information,52.9,1-2
information,53.0,2-3
information,53.2,3-4
information,53.4,1-4
information,53.5,1-3
information,53.7,3-4
information,53.9,1-3
information,54.0,2-4
information,54.2,1-4
information,54.4,2-3
information,54.5,3-4
information,54.7,1-2
information,54.9,1-3
information,55.0,1-4
information,55.2,3-4
information,55.4,2-3
information,55.5,1-3
information,55.7,1-2
information,55.9,1-4
information,56.0,1-3
information,56.2,3-4
information,56.4,2-3
information,56.5,2-4
information,56.7,1-3
information,56.9,1-4
information,57.0,1-3
information,57.2,1-2
information,57.4,2-3
information,57.5,3-4
information,57.7,1-3
information,57.9,1-2
information,58.0,1-4
information,58.2,1-2
information,58.4,1-3
information,58.5,1-2
information,58.7,2-3
information,58.9,1-2
information,59.0,1-4
information,59.2,1-2
information,59.4,1-2
information,59.5,3-4
information,59.7,1-2
information,59.9,1-3
information,60.0,2-4
