seed,budget,communication_ratio,policy,fleet_rmse_m,worst_node_rmse_m,centroid_rmse_m,relative_shape_rmse_m,yaw_rmse_deg,runtime_s,node1_rmse_m,node2_rmse_m,node3_rmse_m,node4_rmse_m
0,180,0.05,cyclic,1.1305653996717477,1.1499118391715337,1.127192395176655,0.08726641502235905,0.050713792583091576,1.7779822960001184,1.114116103754101,1.1451129123246397,1.112599199737292,1.1499118391715337
0,180,0.05,random,1.1228574885513338,1.168104149175704,1.1193750610890707,0.0883652205771483,0.03825616563788341,1.9355170329999964,1.1093827639007805,1.168104149175704,1.1180678154548185,1.094514823227945
0,180,0.05,geometry,1.1237725082593388,1.1332240048728435,1.1200061255719396,0.09192893451366954,0.047178205873255497,1.9179241419988102,1.1048519623172752,1.1330984088083682,1.1236779313386498,1.1332240048728435
0,180,0.05,information,1.133496939642291,1.156245814080158,1.1270531020200163,0.12069224252410707,0.040325909240611794,2.451994482998998,1.156245814080158,1.1345944562294379,1.1305165334006901,1.1121981180243856
0,360,0.1,cyclic,1.125631747174536,1.13501721491629,1.1225539220377942,0.08318366645420618,0.03483578711628007,1.9572397070005536,1.13501721491629,1.1303392913879498,1.1099187353803488,1.1270921568482029
0,360,0.1,random,1.126024355285693,1.1328047625747673,1.1229114824799578,0.08366989429432996,0.05988484512684041,1.9830079189996468,1.119665301731501,1.125179719410546,1.1328047625747673,1.12640888481931
0,360,0.1,geometry,1.1287814481997576,1.1483190928790912,1.1266926572281868,0.06863828339949533,0.04082300639647703,1.8783669260010356,1.1176057919039173,1.1483190928790912,1.1346964379916795,1.1141699958448557
0,360,0.1,information,1.1246366052267258,1.1420615123493596,1.12324938606238,0.055841834912368084,0.03595825642524108,1.7987676330012619,1.1420615123493596,1.1252737269579274,1.1163379283511943,1.11466324350301
0,720,0.2,cyclic,1.1334103566974296,1.1557305361232835,1.1304456939121967,0.08192417094098066,0.0584641779748562,1.761587614999371,1.0977193066050126,1.1557305361232835,1.1352773634717472,1.144080725492488
0,720,0.2,random,1.1281823539216689,1.1397962994046291,1.126923318802524,0.05328468109449748,0.04083572824246111,1.9255457979998027,1.120033512489738,1.1397962994046291,1.1225310921613447,1.1302632298254367
0,720,0.2,geometry,1.1277466003872374,1.138027085145255,1.1261484434034705,0.060017315042507284,0.040916824904523655,2.0654896260002715,1.115196918845305,1.126464345560142,1.138027085145255,1.131175425208387
0,720,0.2,information,1.1306539971169127,1.1375054396861486,1.1288499614863754,0.06384532597348115,0.048236620009276254,2.0033736240002327,1.136511425233301,1.1320907147837806,1.1375054396861486,1.1163814819696487
1,180,0.05,cyclic,0.9317964605536123,0.9714207621804165,0.9254286451354591,0.10874955936916704,0.08752556270297025,1.7573436940001557,0.9090193959928186,0.9714207621804165,0.9423130532006653,0.9028012659950514
1,180,0.05,random,0.9275446583095323,0.9537222069218448,0.9233390954565831,0.0882270251111633,0.08014748580003786,1.757021999999779,0.9278520157323461,0.9151614184289785,0.9128748762994813,0.9537222069218448
1,180,0.05,geometry,0.9285876399024602,0.9552461450208567,0.9237910726258618,0.09426059153421848,0.08229073163995358,1.6674817300008726,0.9157205936866133,0.9333175031239173,0.9552461450208567,0.9093838875865639
1,180,0.05,information,0.9267811904365021,0.9449540263760848,0.9212275753381483,0.10130710430910786,0.08093659303530333,1.7077513770000223,0.9275526629648878,0.9449540263760848,0.9260526702824405,0.9082003617664609
1,360,0.1,cyclic,0.9299850280462881,0.9476509680723133,0.9265984902924782,0.07929306513154563,0.10037880945478404,1.8791123730006802,0.9476509680723133,0.9043809762482976,0.9350159983768589,0.9323552889602379
1,360,0.1,random,0.9284262928460776,0.9602549388103168,0.9253791881504534,0.07515809594393934,0.09704374699304875,1.9130244629996014,0.9180253832407819,0.9082033688086373,0.9602549388103168,0.9263951716693567
1,360,0.1,geometry,0.9227774847909271,0.9381565908366203,0.9203870796135154,0.06637703004484584,0.07966442256526295,2.001228334998814,0.9233044484621031,0.9093367974491885,0.9200819751919022,0.9381565908366203
1,360,0.1,information,0.9232484113371356,0.9532984500157979,0.9208013548620688,0.06717509896325558,0.0765403876851739,2.595693728999322,0.9211626203921154,0.906995840509251,0.9532984500157979,0.910818617198236
1,720,0.2,cyclic,0.9219472830888391,0.9407562169291867,0.9200033714951938,0.05983802497048587,0.09568949712236642,2.208774794000419,0.910836464077827,0.9239252041308772,0.9407562169291867,0.9119561745865711
1,720,0.2,random,0.9197653871082719,0.9297132897474575,0.917107327913073,0.06987500562126919,0.07894442216441036,1.822316078001677,0.9138975864717522,0.9157912436987444,0.9195783096411566,0.9297132897474575
1,720,0.2,geometry,0.923782840021025,0.9442929646862507,0.9215127980150674,0.06472170124272301,0.0944887570671969,2.122099698999591,0.9311042522844568,0.9096277267718889,0.9442929646862507,0.9096328979203124
1,720,0.2,information,0.925881436234789,0.9359980439215919,0.9236725754277024,0.06391719148203663,0.09317647897833668,2.546457766000458,0.9359980439215919,0.9261303371342301,0.9334857672872017,0.9076454806495771
2,180,0.05,cyclic,1.2305138861913658,1.2404332605610984,1.2249858766413912,0.11650762266435741,0.043224288186877007,2.3937085030011076,1.232888738087402,1.2404332605610984,1.2317549054034456,1.2168599899103725
2,180,0.05,random,1.232528929804005,1.2666171099532206,1.2275104538515453,0.11111097375587486,0.05807053453049538,1.7759123129999352,1.2666171099532206,1.2123948039517567,1.2074882252016337,1.242683537083823
2,180,0.05,geometry,1.2256045546929948,1.2719852357020225,1.2192996511155272,0.1241566964515703,0.03821501061609517,1.8204636110003776,1.2719852357020225,1.1817537815588561,1.188065882518994,1.2579495684083037
2,180,0.05,information,1.2281193827955939,1.2703259778822062,1.2223213852611867,0.11919584527744209,0.04937829835404144,2.148108762999982,1.2352027969275865,1.2312489324863776,1.1737465229869517,1.2703259778822062
2,360,0.1,cyclic,1.2289760077002214,1.2432754796717573,1.225811816901189,0.08813295097851186,0.05537252592525684,2.2167455189992324,1.2432754796717573,1.2286600300785766,1.201908869329234,1.2416133826490006
2,360,0.1,random,1.2245488587904823,1.276237896775699,1.2199632765744777,0.10587497992791799,0.035019614929888906,1.8878606800008129,1.276237896775699,1.1910559510299559,1.1815247856820545,1.246868623163217
2,360,0.1,geometry,1.2236026265765616,1.2601440502617036,1.2198816800514616,0.09535236987030811,0.03878868998606924,2.0359565720009414,1.2601440502617036,1.2033356728900135,1.1945421214418064,1.2352744238030344
2,360,0.1,information,1.2313614523010266,1.2698637963898702,1.228806241065336,0.0792858633791211,0.0449573184869562,1.885509870999158,1.2698637963898702,1.2147146460466582,1.2053300190190686,1.2345436069256932
2,720,0.2,cyclic,1.2232044166690126,1.2392433941285779,1.220343536180343,0.08361039804615078,0.044547218598550396,2.025931166001101,1.2187724566498577,1.2226231242347392,1.2120141851237358,1.2392433941285779
2,720,0.2,random,1.2250853920946474,1.238915265410766,1.2226044059738204,0.07792743045357947,0.04348788865801479,2.1693370349985344,1.2080078035327335,1.22328549165577,1.2299250340307224,1.238915265410766
2,720,0.2,geometry,1.2264103017572292,1.2480069012089945,1.2243594086039382,0.0708961692848958,0.05534717549658546,2.1157094430000143,1.2289342322850219,1.2213973885070293,1.2069452181544917,1.2480069012089945
2,720,0.2,information,1.225832581044795,1.2374460749303398,1.2232904913710236,0.07890431212667186,0.04643537156272751,2.071373984001184,1.2320395307015024,1.2374460749303398,1.2093626991432904,1.224299691804642
3,180,0.05,cyclic,1.4432015760312036,1.4990477280817611,1.4392760706444911,0.10637284206555432,0.04322851223600814,1.7980931740003143,1.4990477280817611,1.4216553903361537,1.3832021411818989,1.4662287860107905
3,180,0.05,random,1.4445099242210884,1.4695569125269392,1.4423095683877014,0.07969962428077525,0.05240461646683345,1.5991628419997141,1.4549614797982455,1.4695569125269392,1.400350403239515,1.4522203710137662
3,180,0.05,geometry,1.4460234349517076,1.4608377467556357,1.4430575126507674,0.09256775686877032,0.03955285885891354,1.8775612669996917,1.4604588690379794,1.4608377467556357,1.4152721369198304,1.4470497039420387
3,180,0.05,information,1.4439826574370123,1.4583130905847919,1.4412846480983912,0.08822968964442918,0.03547175452133777,1.727559299000859,1.447836793133335,1.440346914596658,1.4292781310177927,1.4583130905847919
3,360,0.1,cyclic,1.4406637212329687,1.4676818468372552,1.4391704465479391,0.06557730903163819,0.02873095687214066,1.8119805719998112,1.4676818468372552,1.4331954389031758,1.4051078419179828,1.4558779528722228
3,360,0.1,random,1.4398070290473586,1.48296997693668,1.4372822106846255,0.08522985242095012,0.04614068091393857,1.8557072739986324,1.48296997693668,1.4428312602640785,1.3848730855585205,1.4468385059783098
3,360,0.1,geometry,1.4406066488008196,1.4561224716485375,1.4391463037117327,0.06484931057447418,0.034793166908454645,1.866309540999282,1.4561224716485375,1.4371563366186564,1.4324104628507326,1.4366208072658788
3,360,0.1,information,1.4362059896678996,1.4535203190036343,1.4341662176121808,0.07651735109059998,0.05770275139889175,2.0238050580010167,1.450280382636824,1.4311376022910742,1.4094542334970348,1.4535203190036343
3,720,0.2,cyclic,1.444127940245338,1.4708291010513463,1.442069554648404,0.07707728169439265,0.052746872919715526,1.805752571000994,1.4708291010513463,1.429609632230225,1.417174497238117,1.4582580466096913
3,720,0.2,random,1.4418141931622144,1.4610333011107304,1.4399276429529366,0.07373296863687956,0.04847927446980802,1.835584189000656,1.4610333011107304,1.4365104461518585,1.4127081602113305,1.456498457132861
3,720,0.2,geometry,1.4391085208692804,1.4808171541796622,1.4373150399831076,0.07182486113405115,0.03955649370455426,2.122206645000915,1.4808171541796622,1.444626018078112,1.3948363403566453,1.43485230834179
3,720,0.2,information,1.437966134409928,1.4543810687371401,1.4364654328464326,0.06567848922700839,0.04854160666405732,2.6558632260002923,1.448386674794065,1.4417898927367534,1.4068333473512302,1.4543810687371401
4,180,0.05,cyclic,0.39925241237102194,0.46422894166703177,0.3667721170780565,0.15773618138575882,0.06206464224800956,2.222022943000411,0.3703611681214913,0.33037700009129334,0.41926732261576494,0.46422894166703177
4,180,0.05,random,0.38998872584904665,0.4512632341490427,0.36648794335492674,0.13333339290979918,0.07884273154789913,2.182149734999257,0.36304294623850486,0.35158465109140385,0.3864121775594034,0.4512632341490427
4,180,0.05,geometry,0.40088168152130105,0.4656469956986308,0.3659556656347462,0.1636538217371527,0.06607475901492765,2.5199857740008156,0.37287214241455274,0.35426222781679584,0.4018233505754544,0.4656469956986308
4,180,0.05,information,0.40057626436569105,0.4495514532838229,0.3699212565963642,0.1536867186562941,0.06047818345401134,2.504928745000143,0.3753579994950589,0.33306027733111043,0.4335044279154274,0.4495514532838229
4,360,0.1,cyclic,0.39338940027979985,0.4368508317458785,0.37140293737438845,0.12967296696758593,0.07406299576181234,2.4513839459996234,0.3693451509726526,0.3569940398723931,0.40536606513312523,0.4368508317458785
4,360,0.1,random,0.3947452754196668,0.43607155932493935,0.3671500652043431,0.1449988347766807,0.0746744542566745,1.7430568210002093,0.36180913856816643,0.38899969448501787,0.3884717621032897,0.43607155932493935
4,360,0.1,geometry,0.38832475351922574,0.4138500913887741,0.370379182076038,0.11668494196104538,0.06541957690313875,2.5229541689986945,0.37879260952261296,0.36694033448763297,0.3921524047328105,0.4138500913887741
4,360,0.1,information,0.38528233890784314,0.4165865106011238,0.3694357971223597,0.10936028748528763,0.07820062215818187,2.7753141330013023,0.36107896459385774,0.3637513222569831,0.39690371473002783,0.4165865106011238
4,720,0.2,cyclic,0.37917273272944385,0.39405558119512285,0.3695515781538573,0.08487397910730791,0.06707488495693582,2.665097880999383,0.37449184794914475,0.3721574599305712,0.39405558119512285,0.3755831795337639
4,720,0.2,random,0.3809233525909281,0.4031601554634026,0.3718607765000918,0.0825963888427412,0.06253147086109373,2.285249238999313,0.37203664714077267,0.3606189806513384,0.4031601554634026,0.3865423330263025
4,720,0.2,geometry,0.37891622141922554,0.4079554271362586,0.36788037941871427,0.09078286894214327,0.06228405312115122,2.3695475130007253,0.3513212867527925,0.3528138170675933,0.3999726801284353,0.4079554271362586
4,720,0.2,information,0.37751818778936763,0.3892658912194073,0.36732304943080396,0.0871421796182732,0.06969914090622897,2.8455571470003633,0.36968262780682654,0.3643853481461191,0.3892658912194073,0.3861477270870619
5,180,0.05,cyclic,1.2054320458198906,1.223546137714977,1.200361802955936,0.11044437103764829,0.07998735424025649,2.2450150399999984,1.1945937504339812,1.223546137714977,1.2165860259467762,1.18661903327731
5,180,0.05,random,1.2066989534238057,1.241159425456019,1.2009319561708247,0.11783378480649857,0.06752970632213431,1.9683407789998455,1.2078923150819685,1.241159425456019,1.227914710289943,1.1477083064949938
5,180,0.05,geometry,1.2078203669986796,1.2259864488338414,1.2028347409760944,0.1096294889060292,0.07158549447178561,2.059797679999974,1.198718031658657,1.2259864488338414,1.2066035514081872,1.1997751178152654
5,180,0.05,information,1.2014439423240741,1.235420020934086,1.1972695804263684,0.10006547023264753,0.07017982258793407,1.9340819070002908,1.150371995000693,1.235420020934086,1.2042701184377838,1.2140779682623546
5,360,0.1,cyclic,1.2026663701870806,1.2493979942056088,1.199281090734265,0.09017351820906065,0.06530963546443945,1.7229832499997428,1.1661295881419116,1.2493979942056088,1.1980392514201532,1.1956061139470178
5,360,0.1,random,1.2019558095134917,1.2638269022277215,1.1988471541055756,0.08639021423862413,0.061926404040738035,2.0315023279999878,1.179940719020048,1.2638269022277215,1.1876479029413407,1.1742082402776377
5,360,0.1,geometry,1.1987393742083488,1.22400616138242,1.1952023871032944,0.09201815657798414,0.06152556860479485,1.9799937459993089,1.1988168551507543,1.22400616138242,1.1909678782253323,1.1807399912129122
5,360,0.1,information,1.2018883699746912,1.2241978690115767,1.1979176130131868,0.09761683416915974,0.06853110246221097,2.051168660998883,1.1688090668419007,1.2045916484022552,1.2241978690115767,1.2092669345090432
5,720,0.2,cyclic,1.1999943677829499,1.209761361754359,1.1983867660973908,0.062093812521370736,0.06340863573136175,2.0879290649991162,1.1729772646177739,1.209535876699737,1.209761361754359,1.2072989182946547
5,720,0.2,random,1.1989962535932168,1.2353769063676865,1.196860215319549,0.07153769017666595,0.06095234788964903,2.2156244779998815,1.1728817870086645,1.2353769063676865,1.20558789330266,1.1811511795536989
5,720,0.2,geometry,1.2016359238575425,1.2260573193465618,1.199231027219646,0.07598576747445739,0.0700618464753941,2.065600590000031,1.1799309962875675,1.2260573193465618,1.2196499281212307,1.1801338570392368
5,720,0.2,information,1.200595775692029,1.225584782864126,1.1979843065509816,0.0791442851196989,0.07344628991407133,2.2828217549995315,1.1776477584573208,1.225584782864126,1.2104608453597387,1.188104837672798
6,180,0.05,cyclic,2.3422688607202926,2.3827511837942947,2.339611067341487,0.11155030019306873,0.07808824089064718,2.0344624549998116,2.301186232194243,2.3134931973860766,2.3827511837942947,2.3705867649454704
6,180,0.05,random,2.3409469653660344,2.3645619309327555,2.3374532830018477,0.1278469571023479,0.08465783904810294,2.102558369999315,2.3075194599535567,2.3645619309327555,2.3506712649260244,2.340657215312841
6,180,0.05,geometry,2.34336337434485,2.3664532097856057,2.3405720109330836,0.11434406787211668,0.06984870458575335,2.2017439880000893,2.2989050535519717,2.36608383993618,2.3664532097856057,2.3413649096040126
6,180,0.05,information,2.3439707388338102,2.379156963696452,2.340869850297227,0.12052870396115163,0.06913048556062047,1.6887221449997014,2.293838828180478,2.379156963696452,2.377885163452187,2.323870267441093
6,360,0.1,cyclic,2.3417169007121688,2.354597179008601,2.3395433907380743,0.1008700447843675,0.06715938865791472,1.898402573000567,2.3186325400074295,2.354597179008601,2.3483377389947093,2.3451390800889955
6,360,0.1,random,2.3482586155456473,2.366742536482795,2.3461817877917377,0.09873977981911262,0.07714830389347262,1.7165726059993176,2.341595433794546,2.366742536482795,2.3516697304218837,2.332891804475814
6,360,0.1,geometry,2.347108386619316,2.3659927298765875,2.345565640627828,0.08508586277929098,0.0636688145933853,1.9275500160001684,2.3346115835405894,2.3464909665305065,2.3659927298765875,2.341221564550198
6,360,0.1,information,2.345492056975091,2.3665870474719637,2.343878180465079,0.08699462324163637,0.07649738784494928,1.952780501000234,2.331849853899802,2.3665870474719637,2.353261814247752,2.330071414472473
6,720,0.2,cyclic,2.33862762699949,2.352316503145921,2.3375639665337253,0.07052574089212559,0.06365705965249466,2.2064086430000316,2.3191990446351896,2.345344856609037,2.352316503145921,2.3375194277329925
6,720,0.2,random,2.344527287150883,2.3648673450492677,2.3432617738612107,0.07702246007426056,0.05836506974478804,2.167087210000318,2.3278669649629347,2.3591785776108916,2.3648673450492677,2.325929292449806
6,720,0.2,geometry,2.346380927394132,2.3639186835482273,2.3455674006930773,0.061782078670667345,0.07760526401060491,2.239297665999402,2.3289352750557613,2.3546462292314745,2.3639186835482273,2.3378631061493618
6,720,0.2,information,2.3433055201194772,2.3470454618349392,2.3419241725382776,0.08044831075490602,0.07079551065013988,2.278151462000096,2.335068048857247,2.3470454618349392,2.3456010546442063,2.3454879113369285
7,180,0.05,cyclic,0.9468413796069198,1.0302713419509468,0.9389234343866679,0.12219403625169238,0.06927750757323285,2.323497409999618,1.0302713419509468,0.8917523711744769,0.9067535668067794,0.9524447658978555
7,180,0.05,random,0.9425280411146968,0.9699247393715871,0.9366378031780822,0.10520805076249432,0.05412543744904091,2.1610327620001044,0.9572017795734279,0.9249649220776148,0.9169989526779214,0.9699247393715871
7,180,0.05,geometry,0.9453467970152136,0.9556596431160147,0.940577798145204,0.09483655552181933,0.04580019770221675,2.6822330369996052,0.9555044921020844,0.9508851312320531,0.9556596431160147,0.9188392382792571
7,180,0.05,information,0.9491740831867955,0.9704859902736803,0.9437192399787371,0.10161415397201606,0.03739876056673454,2.670948610999403,0.9704859902736803,0.9281290731056732,0.9448857178552146,0.9527067268082732
7,360,0.1,cyclic,0.9429591697728238,0.9518490778327838,0.9404343462159067,0.06895822152661378,0.07620656004608325,1.9389647099997092,0.9489664508558838,0.9252040343034442,0.9518490778327838,0.9455852613710253
7,360,0.1,random,0.9428210607173606,0.9761752311191347,0.9405048562788999,0.06604670959264423,0.06262359835438339,2.5551019000013184,0.9761752311191347,0.9493348093377766,0.9276654766659089,0.9170214345696385
7,360,0.1,geometry,0.9400385392989763,0.9768372976665234,0.9362936632804982,0.08382500502915623,0.06232662702327399,2.4019510760008416,0.9768372976665234,0.9264092755612369,0.9278830511614627,0.9280504366026523
7,360,0.1,information,0.9425313638145671,0.9693905056159352,0.9402688330656184,0.0652678583957541,0.05978934012436875,2.7661941389997082,0.9693905056159352,0.9261020455647748,0.9472579353361636,0.9267043432841342
7,720,0.2,cyclic,0.9402705654488154,0.9710113854538183,0.9377760393790608,0.06844586339551335,0.07391101260097012,3.081120886001372,0.9710113854538183,0.931380573385514,0.9223144833422598,0.9356484679910316
7,720,0.2,random,0.9360731425458944,0.9476424711101358,0.9340977638135987,0.060780719263433786,0.07429876463477533,3.003642669000328,0.9476424711101358,0.9124759597909936,0.937075860497681,0.9466688513980483
7,720,0.2,geometry,0.9397262040899,0.9448195439692186,0.938345182911133,0.05092795264571927,0.06724240841091696,3.3081040710003435,0.9448195439692186,0.9401970045992347,0.9364766675204125,0.937389154875998
7,720,0.2,information,0.9423605339594293,0.9492341686352551,0.9410746136815759,0.04921328528328099,0.08065960300959991,2.1861736520004342,0.9464852299900182,0.9473341763663423,0.9262028204727006,0.9492341686352551
8,180,0.05,cyclic,0.5955828101143691,0.6500161328732845,0.5867000560399008,0.10247891464348063,0.04070468273330149,1.792427514999872,0.6500161328732845,0.5926402313419991,0.5628093290103202,0.5730425614151451
8,180,0.05,random,0.6044809304332271,0.6783293564046519,0.5885713021477916,0.13777161371441157,0.02985185557508414,2.29430665000109,0.6783293564046519,0.5641984054968309,0.6096876174231104,0.5580494903367424
8,180,0.05,geometry,0.5990470142587692,0.6094200673337015,0.5905436596129798,0.10057589862017108,0.0241576116845594,1.9963436569996702,0.6035541758775849,0.6094200673337015,0.5766240471996584,0.6060227286762332
8,180,0.05,information,0.6029473880491387,0.6370766345272569,0.5937268497337126,0.10504275634502443,0.03581473184113353,2.1717161999986274,0.5798822062729947,0.630297133056044,0.5610505535776928,0.6370766345272569
8,360,0.1,cyclic,0.5950548271556779,0.6157530329484263,0.5908434272623763,0.07067030339628387,0.03089013256180793,1.9808433890011656,0.6046074844109607,0.5874326527726511,0.5714734114118051,0.6157530329484263
8,360,0.1,random,0.6004416837688665,0.6189665659538135,0.5946860207918824,0.08293824378360254,0.04101064275971267,2.218820643000072,0.6189665659538135,0.59709776084681,0.5915937005019726,0.593710712534495
8,360,0.1,geometry,0.5931358363559044,0.6356470506961392,0.5861812363936892,0.09056311870504466,0.05048682764990333,1.9603284389995679,0.6356470506961392,0.5721331360841435,0.5714697257442033,0.5909985918529254
8,360,0.1,information,0.5963139813781881,0.6253368583283696,0.591425745460227,0.0761967977930899,0.03362682481568985,1.9257575259998703,0.6184108329038568,0.5632982969844079,0.5758283959011162,0.6253368583283696
8,720,0.2,cyclic,0.5933601752916396,0.6148177768208091,0.5902009213180108,0.06114875385072443,0.03311116826515426,1.856869082999765,0.6148177768208091,0.5862256614694656,0.5762839890582397,0.5954330605394947
8,720,0.2,random,0.5931774312421219,0.5984427457069977,0.5902308989794439,0.05905040918503138,0.022446221021099715,1.7815401740008383,0.5950971092002345,0.5984427457069977,0.5823445493190016,0.5966895309544583
8,720,0.2,geometry,0.5998867478757237,0.6121852023563925,0.5972103476423938,0.056603100142688594,0.03770108233889315,2.114232498999627,0.6121852023563925,0.5869873569202017,0.5971939113018431,0.6029021431736269
8,720,0.2,information,0.5960229215543997,0.6080150596303044,0.592448184963936,0.06518029726213237,0.03140471702453885,2.1106552300007024,0.597067054530083,0.5801345640360629,0.5985363809670915,0.6080150596303044
9,180,0.05,cyclic,1.3785275945307836,1.4206157998066924,1.3749400285509168,0.09938936950817409,0.05418165295981047,1.9873228590004146,1.3220302978278782,1.3614332034439587,1.4206157998066924,1.407813762205909
9,180,0.05,random,1.3855465192186012,1.459471591576109,1.3737309351761624,0.1805615536563843,0.04066973180994795,1.8235149409993028,1.2931323269026098,1.3673271371522895,1.459471591576109,1.4167302446774384
9,180,0.05,geometry,1.3799007397877503,1.4367409567575167,1.3753219619956778,0.11231897666529699,0.061089271787296964,1.779650947999471,1.3452494819927503,1.361776783592198,1.3740987783671679,1.4367409567575167
9,180,0.05,information,1.3855460507483033,1.3992827245629977,1.382020347037852,0.09878066165801119,0.045460622911720455,1.6842793980013084,1.3992827245629977,1.3521150398466038,1.396617877129197,1.3936293323621536
9,360,0.1,cyclic,1.3759579603796885,1.3958480778351252,1.373508035811602,0.08207304242676963,0.06753856488411478,1.7361286850009492,1.3657548975351244,1.3882477009118739,1.3535624327324667,1.3958480778351252
9,360,0.1,random,1.377982956906684,1.4253555289904263,1.3743779367668212,0.09961082498335022,0.05656378870457099,1.7259939970008418,1.3463870548058814,1.3566922928730787,1.3821496500695971,1.4253555289904263
9,360,0.1,geometry,1.380574036280265,1.4167840244688839,1.375321457772273,0.12031441078412844,0.05807234859361755,1.7748413259996596,1.3454861870408026,1.365564471344989,1.393399548477451,1.4167840244688839
9,360,0.1,information,1.378995401312551,1.3969929607189324,1.3760670310940084,0.08982117109726796,0.05417549744420564,1.9676470000013069,1.371460946964447,1.3628737068895695,1.3844110896286768,1.3969929607189324
9,720,0.2,cyclic,1.379382246838823,1.3959500317947209,1.3773620929647121,0.07462605280990797,0.049723738973621395,1.8527399849990616,1.3531327533426036,1.377365042386561,1.3906841237864698,1.3959500317947209
9,720,0.2,random,1.3810302836550743,1.4213529781133913,1.377896287777722,0.09298636728460676,0.06334169065265605,1.931947447001221,1.3582827602311693,1.3642834545243445,1.3793233442771002,1.4213529781133913
9,720,0.2,geometry,1.3768998868589688,1.4136209628746794,1.3746133132858593,0.0793192118563571,0.047600074209472064,2.1191986970006838,1.3541424053903157,1.376101444825335,1.3629864733457893,1.4136209628746794
9,720,0.2,information,1.3764630818313792,1.3936950058483275,1.3748621801252905,0.06636717039223287,0.08563010110947966,2.2251722820001305,1.3854691083832265,1.3574753810017184,1.3689238959644212,1.3936950058483275
10,180,0.05,cyclic,0.3902079608616792,0.4070153030749085,0.3791987724745108,0.09203555657273961,0.08779142986174063,1.7479480099991633,0.4070153030749085,0.39741811295987356,0.35908526518258926,0.3956060790259948
10,180,0.05,random,0.3977874738677602,0.43531978555914436,0.3820516785577063,0.11077630286903907,0.0687002717187554,1.7679248040003586,0.43531978555914436,0.41000635632971383,0.3549202615563671,0.38647454957746974
10,180,0.05,geometry,0.4014845700231321,0.4482134986852324,0.3813825177480096,0.12544813718365208,0.06624287522397035,1.9426814220005326,0.4482134986852324,0.3913855967246948,0.3602900187774032,0.4010891627915343
10,180,0.05,information,0.3898628897519751,0.4006015351045169,0.37755083247564936,0.0972030951292439,0.09808368760379155,2.1777723229988624,0.391794896465295,0.3831860018768885,0.3836091088129965,0.4006015351045169
10,360,0.1,cyclic,0.3906447374741911,0.42204033506616084,0.3821750715158188,0.08090442279726401,0.08198050076742511,2.1814108599992323,0.42204033506616084,0.3936663519916249,0.3604115878234671,0.38396027127104465
10,360,0.1,random,0.3898839957589396,0.4002780562675072,0.3831668107866291,0.07206056661281819,0.07148723947085316,2.5318681160006236,0.39684833004612097,0.3782599360720421,0.38372701490631744,0.4002780562675072
10,360,0.1,geometry,0.39409316848018744,0.4226293398055344,0.3844423288973466,0.08668056988009361,0.07659305408064697,2.327394012998411,0.4226293398055344,0.3891079340260474,0.3509652577030827,0.40992748928309475
10,360,0.1,information,0.388275654590645,0.4035613837050948,0.38204705545154033,0.06926782347238526,0.07929489771977033,2.2491740959994786,0.39771879004399197,0.4035613837050948,0.3717486809780631,0.3792002473762622
10,720,0.2,cyclic,0.3889437496663455,0.40603842416751,0.3853353134896876,0.05285770125838849,0.07517916915538013,2.95432867800082,0.3950436308635038,0.38094796268276215,0.3729087544690601,0.40603842416751
10,720,0.2,random,0.3828881893152054,0.39229648890240737,0.37776855852181834,0.06240418022395673,0.0983192731170705,2.2351447090004513,0.39229648890240737,0.3797007102932999,0.37091008059470015,0.38829114022746586
10,720,0.2,geometry,0.38128620668861185,0.3920273447217058,0.3779303513979011,0.05047594380742017,0.09636502564457937,1.9085642760001065,0.3920273447217058,0.38722749046407046,0.36481299873416784,0.38052278935419254
10,720,0.2,information,0.38419695235733337,0.394034148464513,0.3779281767699686,0.06912012300329386,0.10699529323207507,1.987885691001793,0.39379805815042707,0.3859542280012833,0.3621169782423704,0.394034148464513
11,180,0.05,cyclic,0.6358542467485561,0.668437600987916,0.6269462210378293,0.10606158133159697,0.05403843705329785,1.9973808499998995,0.6013276749441161,0.6565924127798886,0.614593440287482,0.668437600987916
11,180,0.05,random,0.6388548564402631,0.7173814064909677,0.6213744010630319,0.14842298104022678,0.04273661668293214,2.002958387000035,0.5594228655781762,0.7173814064909677,0.610593882627714,0.6573638231422486
11,180,0.05,geometry,0.6321966972200069,0.6760305008123019,0.6239391593495348,0.10184591010973881,0.04552058918376196,1.924124330000268,0.6257628818255355,0.6760305008123019,0.5780335008676211,0.6449585300460277
11,180,0.05,information,0.6316283524489875,0.6526373863236993,0.6247902412161394,0.09269050705709242,0.04173228095530001,1.8896315959991625,0.6269939122209387,0.6247256924759845,0.6216738595441686,0.6526373863236993
11,360,0.1,cyclic,0.6243368780625779,0.6415375702300418,0.6209088247115887,0.06533581486596751,0.03921614289037022,1.941126694000559,0.5997139927897293,0.6348260620233698,0.6204471718423259,0.6415375702300418
11,360,0.1,random,0.635808529948474,0.6666964557789925,0.624116948206979,0.12136936069719845,0.06445152514075526,1.809049610999864,0.5960072908447577,0.6666964557789925,0.6287524540446989,0.649593290963931
11,360,0.1,geometry,0.6306021459239384,0.6543618131660143,0.6239052802015446,0.09165842994786787,0.051385918970058654,2.2406115560006583,0.5941497352228221,0.6543618131660143,0.6313470692286345,0.6409632232481483
11,360,0.1,information,0.6251345472836842,0.6562982237129897,0.6196562056258264,0.0825795921337738,0.034308467000122425,2.051675583999895,0.5965800114607698,0.6562982237129897,0.5921439688174899,0.65261264200138
11,720,0.2,cyclic,0.6243648062640733,0.6449770448494493,0.6222116943671484,0.051807515805488945,0.044457940833893976,1.7050405019999744,0.6012577795826135,0.6449770448494493,0.6139717464647242,0.636284554155142
11,720,0.2,random,0.626917570497876,0.6457378641481331,0.6237988168730085,0.062455394216946666,0.054493033719994206,1.739704437999535,0.5888695575404956,0.6350988267679089,0.6457378641481331,0.6364018353535218
11,720,0.2,geometry,0.6271618241345644,0.6432934150747304,0.6234867895248201,0.06779510999937204,0.060631576095328994,1.9838958359996468,0.5946684348513415,0.6432934150747304,0.6295973094668171,0.6399047407483929
11,720,0.2,information,0.6258559440214911,0.6523932732172932,0.621236259302141,0.07590238991833535,0.035391009878879415,1.9700680449986976,0.5819051521876286,0.6523932732172932,0.6174115335352072,0.649118679321548
12,180,0.05,cyclic,1.01293578342961,1.049628302858459,1.0085434543376033,0.09422845676828495,0.06175448717764738,1.810934608000025,1.0139498625135819,0.9833675206405391,1.0036583217933641,1.049628302858459
12,180,0.05,random,1.0174864972158009,1.0463844179878796,1.0124569642760384,0.10104289933205779,0.05731095961159384,1.859426421000535,1.0293950202927638,0.997393048620058,0.9958653205222717,1.0463844179878796
12,180,0.05,geometry,1.0168574634116572,1.0283199938669432,1.014078632043137,0.07512409020753615,0.05111355347299506,1.7445789760004118,1.0192748761783879,1.0283199938669432,0.9947624041480018,1.0247345411777002
12,180,0.05,information,1.0181231499556285,1.0298026992179201,1.012689121612365,0.10504994737527394,0.06279926676804866,1.82098129500082,0.9999780340161154,1.017437774969801,1.0250218047122406,1.0298026992179201
12,360,0.1,cyclic,1.01531276891956,1.0225821550028176,1.0135908376906513,0.05910695797169163,0.048640678141684206,1.840113824000582,1.0225821550028176,1.0001174194812128,1.0199778922883331,1.018418409931544
12,360,0.1,random,1.0196559511537069,1.0537853838847964,1.016546489091514,0.07957068705803387,0.05072587394366811,1.7332941569984541,1.01584347508723,1.0068858180734517,1.0012853654621683,1.0537853838847964
12,360,0.1,geometry,1.0162079171154872,1.0301483638570326,1.0142791001246034,0.06258144979641896,0.04728466554578446,1.7485374899988528,1.004991960021995,1.021566342719895,1.007919559979124,1.0301483638570326
12,360,0.1,information,1.0149203173208317,1.0201732158547756,1.0133212791560402,0.056949413694821836,0.05577494424406563,1.755111543001476,1.0122251952788754,1.0161935965069435,1.0201732158547756,1.0110639644235773
12,720,0.2,cyclic,1.0153739043646124,1.0240030918549687,1.0140129868132892,0.05255309922953418,0.059926865227572554,1.7501284499994654,1.0173194952470364,0.9995006410565607,1.0240030918549687,1.0204968611651117
12,720,0.2,random,1.0201981592967684,1.022576450089306,1.0184187000984948,0.06022985573788276,0.0593284905181353,1.8549991140007478,1.0221953743016778,1.0193647237309786,1.022576450089306,1.0166448334703364
12,720,0.2,geometry,1.0180584842931508,1.0287944852566102,1.015995030753268,0.0647856073980488,0.044347258617366526,2.0581474779992277,1.0068496381731076,1.0158417732832912,1.0287944852566102,1.0206240809592917
12,720,0.2,information,1.0132210019420929,1.028682474736587,1.0116545192865987,0.05631991107538774,0.050844760783921805,2.7307438219995674,1.02151786739196,0.9961372578817276,1.0062263022475715,1.028682474736587
13,180,0.05,cyclic,1.323443737452477,1.3787145883960914,1.3190105518931499,0.10823349849611572,0.06149300840303053,2.6305694860002404,1.3787145883960914,1.3100970225953326,1.2901649989072843,1.313118218415211
13,180,0.05,random,1.3227180473253186,1.342071947415085,1.3189701349371443,0.09950284349703221,0.06251999051405127,2.4737548989996867,1.342071947415085,1.308917097223905,1.3215421197314852,1.3181189161879376
13,180,0.05,geometry,1.323283967633513,1.338601111325879,1.3203493378930913,0.0880799916051789,0.05486189032956865,2.185044760000892,1.338601111325879,1.2979904088850214,1.3248900306540563,1.3312986914500735
13,180,0.05,information,1.3224067107670638,1.3524183687896754,1.319743117370031,0.08389048120137187,0.05152850198507397,1.8364761260017985,1.3290662311035828,1.3109020500170234,1.2965806411822667,1.3524183687896754
13,360,0.1,cyclic,1.3227209127887247,1.3464997163526662,1.3204180324198116,0.0780181567920604,0.05707364834808445,1.670596996000313,1.3464997163526662,1.3207935700181472,1.3001477939590038,1.3230347786959322
13,360,0.1,random,1.3270766346810878,1.347528670914515,1.325464265559454,0.06539782138128483,0.059799849839880244,1.8939740030000394,1.3397332762771008,1.3082925292636616,1.3123191169216406,1.347528670914515
13,360,0.1,geometry,1.3281347293444254,1.3631471714826322,1.3257740777675835,0.07915146246471655,0.053310123351241634,2.152774889000284,1.320074760478451,1.3093336911993059,1.319335112047057,1.3631471714826322
13,360,0.1,information,1.3280894900247615,1.3383355041398923,1.3250627289063406,0.08961282261771117,0.04691922538717468,2.195719500999985,1.3330594230707717,1.3364218862796324,1.3042522642688987,1.3383355041398923
13,720,0.2,cyclic,1.3310397360944606,1.3393383783687085,1.3287243345198516,0.07847561351903656,0.050625221629747606,2.01639099500062,1.3378539207193547,1.3393383783687085,1.3165233828368246,1.3303205981033526
13,720,0.2,random,1.32780139535164,1.3427868987607259,1.325813660612371,0.07262701172007531,0.03355879404325119,1.7649771819997113,1.3427868987607259,1.3216705979272074,1.3193125855827954,1.327309556435568
13,720,0.2,geometry,1.3246292939791862,1.3442072760030483,1.3230528250867382,0.06460641220341819,0.05272045554378362,2.3215182889998687,1.3442072760030483,1.3338799416791836,1.311120201107304,1.3089713459224095
13,720,0.2,information,1.327441325713322,1.3363375740189758,1.326247353213096,0.05628882044241398,0.062250146301414164,2.0959590610000305,1.3363375740189758,1.3252177210551292,1.3169660853601775,1.3311656932642841
14,180,0.05,cyclic,0.7930026322262491,0.8185008953297264,0.7819559539159623,0.1319017090607141,0.03694526080221626,1.9651899239997874,0.8071080161501902,0.8185008953297264,0.7888253321340755,0.7561747343472578
14,180,0.05,random,0.7953148809017244,0.8453650960810019,0.7826313917982182,0.1414703656449219,0.03764769698906878,1.712064487999669,0.7930984961411401,0.8453650960810019,0.8064475216970844,0.732187178001737
14,180,0.05,geometry,0.7984686394960671,0.8431817922817252,0.7860157962805426,0.1404682749099052,0.04854441199336761,1.8816511269997136,0.7805965210300171,0.8329632040355942,0.8431817922817252,0.7321847514650716
14,180,0.05,information,0.7909728062703312,0.8339265164993219,0.775808765817063,0.15413870098248605,0.03764263497513264,1.8554483349998918,0.7869653191381127,0.8339265164993219,0.8006022484538475,0.7394863841616354
14,360,0.1,cyclic,0.7873125016956992,0.8178999105531102,0.780960607821117,0.09980733619334721,0.04115991759519701,1.7067370200002188,0.7660069730169266,0.8178999105531102,0.8122306893821406,0.7509981771867592
14,360,0.1,random,0.7861878766841318,0.8114576201339063,0.7812625471890899,0.08786472446163279,0.06353119272518017,2.0797896809999656,0.7807449922633539,0.8114576201339063,0.7928130811811559,0.7588061121727782
14,360,0.1,geometry,0.7892489892234338,0.8256999058396417,0.782977353672811,0.09929970103547024,0.042794241316790396,1.8751345299988316,0.767216990803721,0.8171100632245554,0.8256999058396417,0.7440327728376619
14,360,0.1,information,0.7871512193264331,0.817296291432424,0.7808029527659854,0.09976868766806843,0.0379323698066561,2.061740461000227,0.817296291432424,0.7923168233595274,0.8122329813684377,0.723164279923983
14,720,0.2,cyclic,0.7897210563846441,0.8081597860954519,0.7837064665962175,0.09728063071624368,0.04885240382270397,1.8996469359990442,0.7822870354833116,0.8081597860954519,0.8060088161288348,0.761506355958106
14,720,0.2,random,0.783472680780786,0.8031867061366541,0.7790401919694833,0.08322151660467345,0.03446321164271659,1.926568471999417,0.7682709460263742,0.7957940148774704,0.8031867061366541,0.765950729865577
14,720,0.2,geometry,0.7878849308429603,0.8105749503368757,0.7829852396061067,0.08773128751126431,0.041001033920680156,2.067439591999573,0.774972108921811,0.8105749503368757,0.8080676969079278,0.7566133322187966
14,720,0.2,information,0.7878865300728576,0.812565291341254,0.7827664619741711,0.08967636410273598,0.039754498644324295,2.1296820049992675,0.7714503933930327,0.8112585441930045,0.812565291341254,0.7546669791345578
15,180,0.05,cyclic,0.8425783704466919,0.8566282001229258,0.8364310687903956,0.10159418047683295,0.06884649148516415,1.7783790579997003,0.8556513286662433,0.8566282001229258,0.8264167846889862,0.8311663310484716
15,180,0.05,random,0.839766896548339,0.8836263682763345,0.8273531180388556,0.14385846728577475,0.06044317383446108,2.205499072000748,0.8836263682763345,0.8517882827900628,0.8201691373654014,0.8011351389468191
15,180,0.05,geometry,0.8413637650359348,0.8527438233720241,0.834070317110902,0.110542712242658,0.06026281113039207,1.8243498859992542,0.8398150019148716,0.8527438233720241,0.8493515030616581,0.8232330769400994
15,180,0.05,information,0.8364215403972334,0.8515188380794433,0.8291693825332243,0.1099050877346106,0.07254533422350118,1.9778543539996463,0.8425750618285578,0.8515188380794433,0.8214267869493335,0.8298463353082034
15,360,0.1,cyclic,0.8351837773197426,0.8734750019957035,0.8321539060207265,0.07107614643831936,0.05994631348862908,2.173058453001431,0.825361539439173,0.8055625091735527,0.8348751772028602,0.8734750019957035
15,360,0.1,random,0.8340317214424018,0.8688672596330445,0.8284196232992687,0.09659109744108861,0.044903962704669904,2.283012124000379,0.8166589725356688,0.8688672596330445,0.8368806324892631,0.8125295466429637
15,360,0.1,geometry,0.8333441446553654,0.8457266111554124,0.8294041520691698,0.08093958216969079,0.05698627820251862,2.533853899998576,0.8457266111554124,0.8229471282878387,0.8335670733967914,0.8309755177504442
15,360,0.1,information,0.8344560639238402,0.8401646864616898,0.8317087423395257,0.06765715435393775,0.054433719089816125,2.4331453640006657,0.8367709475137136,0.8345181832949312,0.8401646864616898,0.8263079167277377
15,720,0.2,cyclic,0.8316610057096604,0.8444871403387356,0.8296380035669092,0.057972506031023205,0.05494739386815032,2.3679879760002223,0.823737277034372,0.833835503322181,0.8244130247017948,0.8444871403387356
15,720,0.2,random,0.8400313753697392,0.8468891020307152,0.838247754609466,0.054712096448262686,0.06914187233074036,2.040041825001026,0.8398049682126835,0.8468891020307152,0.8354871656004346,0.8379012512021677
15,720,0.2,geometry,0.8386149162997127,0.8512743394004045,0.8365903509992338,0.05823712265688362,0.06242167922268124,2.229598246000023,0.826605007739253,0.8512743394004045,0.8337520557351455,0.8426230362253978
15,720,0.2,information,0.8352160353056947,0.8476252961102236,0.8335070426894965,0.053402578765198945,0.06131151685561459,2.0107910919996357,0.823404687614511,0.8301844249664418,0.8476252961102236,0.8394481525851946
16,180,0.05,cyclic,0.9973521199936906,1.0242337226649585,0.9923775202797781,0.09948923810778477,0.07440372021621855,2.0088062750000972,1.0242337226649585,0.9953375113000851,1.0112021359933634,0.957373367678946
16,180,0.05,random,0.9972213633997558,1.0194401745464288,0.9917094800347872,0.10470317488022998,0.06576235899782787,2.128694920000271,0.9790303909928604,1.0074344245085902,0.9824046492314811,1.0194401745464288
16,180,0.05,geometry,0.9932616225339354,1.0216326848972757,0.9898072627942781,0.08276613630250493,0.06440587973913156,1.8483247770000162,1.0216326848972757,0.9916531345159981,0.9873862837230185,0.971716855809761
16,180,0.05,information,0.9956794533368574,1.0040083673815037,0.99282752158388,0.07530661446907268,0.07214684598592587,2.0883104429995,1.0013402732864949,1.0040083673815037,0.9858649485712899,0.99139570994115
16,360,0.1,cyclic,0.9944084192086577,1.0165190929793244,0.9915291311177291,0.0756180291860544,0.07991167979077113,1.8385809830015205,1.0165190929793244,1.0023068160464448,0.9830135853512653,0.975267495563359
16,360,0.1,random,0.9940494677605823,1.05292229789052,0.9904322453501294,0.08472491797457252,0.06421709857488792,2.128889966001225,1.05292229789052,0.9781968845066275,0.9729862471750198,0.969701309669701
16,360,0.1,geometry,0.994807860883573,1.0135709315576906,0.9923181676125835,0.07033728955365691,0.0691534277133875,3.091880812000454,1.0135709315576906,0.9793220199427405,0.9904513127054025,0.9955798639083117
16,360,0.1,information,0.993897639203545,1.036378474590045,0.9907131626791428,0.07949809122658677,0.06855994320587416,2.318424310999035,1.036378474590045,0.9820023961472011,0.9697091589877932,0.9861973267050932
16,720,0.2,cyclic,0.9910056601687792,0.9984149556185463,0.9898207736268417,0.048446409395521084,0.05654819418598712,2.5844223240001156,0.9930334381487654,0.9927949162915282,0.9796832627168782,0.9984149556185463
16,720,0.2,random,0.997504896765314,1.0089898829682138,0.9950850386950735,0.06943907283369716,0.08195827823521226,2.5708738899993477,0.9823496195817959,1.0024455862415709,1.0089898829682138,0.9960399409075917
16,720,0.2,geometry,0.9982263175046808,1.0181401077446743,0.9962584857847437,0.06264830772531207,0.09041774890069737,2.4179005370006053,0.99450199741258,0.9908840909818107,1.0181401077446743,0.9891048176098539
16,720,0.2,information,0.9925471373418475,0.9944639323161758,0.9906458426517418,0.061405490652845535,0.06876001495350831,2.200059188000523,0.9924824198675996,0.9944639323161758,0.9935999557585847,0.989635559625122
17,180,0.05,cyclic,1.1975735880238765,1.2092067878686055,1.1917779441949938,0.1176768051178139,0.041475927118589585,2.426296972000273,1.169760350970099,1.2092067878686055,1.2074090091169367,1.2034837535686074
17,180,0.05,random,1.1870796486597057,1.2469414875809777,1.1801705767628574,0.1278886312588986,0.03876415618309882,2.172105712001212,1.1231576534974148,1.220118135061171,1.1539488365965687,1.2469414875809777
17,180,0.05,geometry,1.1902195596865168,1.214424017120111,1.1858687317437893,0.10167571653419898,0.03874398902739549,2.2557296359991597,1.1576046194047362,1.1799897541382536,1.2079902453848206,1.214424017120111
17,180,0.05,information,1.1888677974902075,1.210601672108697,1.1835517322513511,0.11230288061329183,0.02079322449911315,2.2042920730000333,1.1566032975868916,1.1819104781433039,1.210601672108697,1.2055814301782735
17,360,0.1,cyclic,1.1878759231461027,1.2323032925452322,1.1841884997723093,0.09352435937878775,0.040030761311548535,2.1266054320003605,1.143459107870579,1.1986348000374185,1.2323032925452322,1.175330300430513
17,360,0.1,random,1.194633131974871,1.2393111471524803,1.1898713354891135,0.10655761349356091,0.041972145516646825,2.1899673610005266,1.1493244984236048,1.212800714641139,1.2393111471524803,1.175103733498124
17,360,0.1,geometry,1.1850900172128562,1.207112201579396,1.1808023660153018,0.10071802872491548,0.03637414087283649,2.145766935998836,1.1666040619530995,1.168762458687185,1.207112201579396,1.1973565910732005
17,360,0.1,information,1.1901115132188085,1.2052801923263663,1.1874886253865564,0.07896947811343699,0.027965242104202082,2.3101621650002926,1.177638242705473,1.1919890636312749,1.1853655786594146,1.2052801923263663
17,720,0.2,cyclic,1.1885328554283465,1.2021840056001754,1.1869055223433105,0.06217418647326094,0.02844816967603751,1.9143071329999657,1.1629511308713503,1.194201817926261,1.2021840056001754,1.1944126990602582
17,720,0.2,random,1.1866469021038097,1.1982078745198597,1.1844777242071143,0.071717439508841,0.03331183401738188,2.205666466999901,1.1801703809248538,1.1982078745198597,1.194955814794901,1.1730728209298904
17,720,0.2,geometry,1.1861501170966697,1.1966313190822304,1.1843674760465155,0.06500601488823633,0.04111563872422112,2.5104743160009093,1.167354383569582,1.1966313190822304,1.1925977583062668,1.187803105480468
17,720,0.2,information,1.1849090274494603,1.2008696337882754,1.1830880937437596,0.06566556002184679,0.03555964382330134,2.2962665160011966,1.1728948987140033,1.1756175143497742,1.1900381306894527,1.2008696337882754
18,180,0.05,cyclic,0.8721174645132136,0.8962371011741781,0.8666942615130564,0.09710782136004428,0.04505971383337253,1.8647886300004757,0.8598998526619829,0.8615960602631871,0.8962371011741781,0.8702522728758488
18,180,0.05,random,0.8783034596638117,0.901062012003257,0.8736177140901702,0.09060384586366445,0.0699009383668133,1.95884451999882,0.8662874266131254,0.8633872688419598,0.8819657805425075,0.901062012003257
18,180,0.05,geometry,0.8713396367177448,0.9003882036861706,0.8656547715453917,0.0993709163493377,0.04183835190040039,1.9293893879985262,0.8541186292686289,0.9003882036861706,0.8636477624462716,0.8665021882732112
18,180,0.05,information,0.8735421572735634,0.8844673219514669,0.869080663474489,0.08817426443635912,0.05771690963013868,1.9853600209989963,0.8844673219514669,0.8743572736020641,0.8776004199499817,0.8575185243126737
18,360,0.1,cyclic,0.8768749572799818,0.9168980151933358,0.873288552234842,0.07922622823499445,0.06851808391718844,1.85046762499951,0.855659227774713,0.9168980151933358,0.8649485148533113,0.8687048665286929
18,360,0.1,random,0.8704086574079284,0.9009004834957528,0.8655152481066394,0.09216607936532302,0.05181873338374454,2.092685363999408,0.8710581251767575,0.9009004834957528,0.8377181091343063,0.8708095972092903
18,360,0.1,geometry,0.8768769516730323,0.8916295179657066,0.8745720718405691,0.06353644254979841,0.06296506592544376,2.0264809130003414,0.8804345370999325,0.8916295179657066,0.856403909125508,0.8786676997078999
18,360,0.1,information,0.8726728310629466,0.8952976336550884,0.8702138212523519,0.06546583365999355,0.06079961276421965,2.1967725319991587,0.8785320343009322,0.8952976336550884,0.854824449333916,0.861469821294574
18,720,0.2,cyclic,0.8720645883077748,0.885832270067014,0.8701914921487718,0.057126291427879554,0.06091685715004699,2.0299559559989575,0.8577648271079755,0.885832270067014,0.8637762662970824,0.8805781266803375
18,720,0.2,random,0.8688275165265422,0.8804339113045864,0.8667370527114977,0.06023400144989111,0.056092816040788536,2.0030186620006134,0.8804339113045864,0.8631383358652043,0.857765598148431,0.8737914702676676
18,720,0.2,geometry,0.8710758349058119,0.8958802922919404,0.8685523168391853,0.06625694733490634,0.06618471178014089,2.040100136999172,0.8525181085054416,0.8958802922919404,0.8504241444506865,0.8845804608490728
18,720,0.2,information,0.8708757820081591,0.8918801442513037,0.8683896995040192,0.06575680560703827,0.04895170480792638,2.1653690919993096,0.8621592932128195,0.8918801442513037,0.8605121617734895,0.8685899444561002
19,180,0.05,cyclic,1.6081130724657235,1.6386811781341712,1.6036708058173679,0.11944706109496273,0.03998129718742869,1.945152810001673,1.6197874070313878,1.5964401340804075,1.6386811781341712,1.5768646949213079
19,180,0.05,random,1.6054911488066637,1.6562473068153487,1.601715899455694,0.11003638637913643,0.051710416451314224,2.187056302000201,1.616060446255045,1.5615162872543036,1.5865899574063111,1.6562473068153487
19,180,0.05,geometry,1.6011828720628045,1.6161176579986432,1.5974577451049523,0.10915742023102568,0.050638224218984736,1.7483837609997863,1.5903377718948835,1.6034535178473457,1.6161176579986432,1.5947014335108425
19,180,0.05,information,1.6108078494006368,1.657001450456297,1.607215212803858,0.10752296230365868,0.05538585774686031,2.005385190001107,1.6004918138818163,1.5739391850747415,1.657001450456297,1.6106816256889787
19,360,0.1,cyclic,1.6074539441202111,1.6230275889255927,1.6050576795981601,0.0877384045363979,0.044147314096952356,2.2504250909987604,1.6230275889255927,1.6080040901851922,1.6171641847373668,1.5813023180300758
19,360,0.1,random,1.6046211443346294,1.6382759744742623,1.6019385705916045,0.09274606674518525,0.03938410585717569,1.8760501010001462,1.5908776850856416,1.5996858417044875,1.6382759744742623,1.5891511249060801
19,360,0.1,geometry,1.6022972155795117,1.6217695717656246,1.5999145719656638,0.08734832262718444,0.04650309255939705,2.0667855850006163,1.593990442431253,1.603289388203341,1.6217695717656246,1.589951738708741
19,360,0.1,information,1.6056129118082054,1.6319242999297678,1.6034204728782881,0.0838785414751052,0.042676872508130285,2.4978233219990216,1.603732539990735,1.6032974441689214,1.6319242999297678,1.58312147836352
19,720,0.2,cyclic,1.6014278224138458,1.6122842451573285,1.5987939701977398,0.09180910227478073,0.03630811942283305,2.4676431830012007,1.5894902956588763,1.5981138443004,1.6122842451573285,1.605732398341556
19,720,0.2,random,1.6030511836749655,1.623442009446384,1.6011615919967308,0.07781165591479464,0.037200261490991864,2.180450963000112,1.6008476891233554,1.6042139968715192,1.623442009446384,1.583449576197941
19,720,0.2,geometry,1.6023722293594096,1.6414491187505886,1.600626004106895,0.07478740802460339,0.04780199228727992,3.1332672629996523,1.5848814741907178,1.5930541609022382,1.6414491187505886,1.5894530472590307
19,720,0.2,information,1.6069778521341076,1.6382207107356639,1.605461623171008,0.0697910723134623,0.059686340200897664,2.5811034809994453,1.612667275021695,1.5836146133595033,1.6382207107356639,1.592863204529276
