budget,policy,time_s,mean_fleet_rms_error_m,std_fleet_rms_error_m,mean_centroid_error_m,std_centroid_error_m,mean_shape_rms_error_m,std_shape_rms_error_m
180,cyclic,0,0,0,0,0,0,0
180,cyclic,0.5,0.03233112,0.008956805,0.01527247,0.006410404,0.02785837,0.008774262
180,cyclic,1,0.06367188,0.01605889,0.03049938,0.01284284,0.05483291,0.01470951
180,cyclic,1.5,0.0922292,0.0272727,0.04574114,0.01927721,0.07816764,0.02630538
180,cyclic,2,0.1161584,0.03778996,0.06102647,0.02565295,0.09572117,0.03752218
180,cyclic,2.5,0.1405856,0.04276442,0.07624838,0.03201173,0.1135143,0.04387596
180,cyclic,3,0.158059,0.04722632,0.09143161,0.038255,0.123948,0.04574923
180,cyclic,3.5,0.1711644,0.05533563,0.1066472,0.04459365,0.1272608,0.05378415
180,cyclic,4,0.187817,0.06496069,0.1219047,0.05099728,0.1351521,0.0622947
180,cyclic,4.5,0.2068444,0.07350691,0.1372689,0.05745672,0.1459697,0.06982372
180,cyclic,5,0.2229602,0.07893361,0.1527134,0.06390512,0.1515161,0.07589517
180,cyclic,5.5,0.2372319,0.08905304,0.1680711,0.07033662,0.1554718,0.08394005
180,cyclic,6,0.2449357,0.0857461,0.183403,0.07677292,0.1509349,0.07226335
180,cyclic,6.5,0.258142,0.08941427,0.1988341,0.08326238,0.1522489,0.0720508
180,cyclic,7,0.2753177,0.09558147,0.2142387,0.08967331,0.1577917,0.0797575
180,cyclic,7.5,0.295457,0.1057766,0.2295964,0.09602735,0.1688847,0.09134894
180,cyclic,8,0.296328,0.1010439,0.2449561,0.1023065,0.1508922,0.07104072
180,cyclic,8.5,0.3141761,0.1024923,0.2603572,0.1085674,0.160971,0.06317054
180,cyclic,9,0.3213119,0.1048611,0.2757264,0.1148957,0.1477944,0.0587431
180,cyclic,9.5,0.3387302,0.1115273,0.2910856,0.1211689,0.1571771,0.05777697
180,cyclic,10,0.3388393,0.119118,0.3064415,0.1274886,0.130864,0.04376083
180,cyclic,10.5,0.3512737,0.12899,0.3219805,0.1338257,0.1287032,0.04530473
180,cyclic,11,0.3662239,0.1295909,0.3375361,0.1401879,0.1220746,0.05202413
180,cyclic,11.5,0.3826981,0.1353859,0.353028,0.1466303,0.1247437,0.05853973
180,cyclic,12,0.3949869,0.1474711,0.3684285,0.1531386,0.1235007,0.05986059
180,cyclic,12.5,0.4091677,0.1541493,0.3837403,0.1597374,0.1224917,0.06061993
180,cyclic,13,0.4235233,0.160554,0.39903,0.1664045,0.1214734,0.06133588
180,cyclic,13.5,0.4400077,0.1674708,0.4143181,0.1731244,0.1266372,0.06554166
180,cyclic,14,0.4471154,0.1738198,0.4296246,0.1798492,0.1094362,0.0374556
180,cyclic,14.5,0.4604606,0.1811702,0.4449272,0.1865798,0.1028748,0.04091782
180,cyclic,15,0.4755146,0.1861415,0.4602558,0.1932194,0.1015544,0.03858875
180,cyclic,15.5,0.4918464,0.1922375,0.4755157,0.1999235,0.107764,0.03729137
180,cyclic,16,0.5094917,0.1980458,0.490846,0.2068507,0.1176834,0.03860499
180,cyclic,16.5,0.5233185,0.2056253,0.5061406,0.2137966,0.1138899,0.03916315
180,cyclic,17,0.5368239,0.2138679,0.5215067,0.2209581,0.1076822,0.0421318
180,cyclic,17.5,0.5523448,0.2204196,0.5367445,0.2279271,0.1096869,0.0430564
180,cyclic,18,0.5659529,0.2268472,0.5519607,0.2348399,0.1027995,0.0406366
180,cyclic,18.5,0.5827801,0.2326286,0.5671152,0.2418015,0.1105605,0.04173918
180,cyclic,19,0.5954046,0.243532,0.5823036,0.248811,0.1054746,0.04395122
180,cyclic,19.5,0.6107061,0.2504999,0.5974704,0.2558441,0.1065931,0.04654741
180,cyclic,20,0.6267952,0.255672,0.6126096,0.2628792,0.1077923,0.05038938
180,cyclic,20.5,0.641739,0.2632667,0.6278156,0.2700096,0.1096004,0.04864679
180,cyclic,21,0.6542809,0.2706096,0.6428472,0.2770494,0.1002805,0.03872031
180,cyclic,21.5,0.6688741,0.2780795,0.6578811,0.2840389,0.1003002,0.03759128
180,cyclic,22,0.6824528,0.2868436,0.672863,0.2909457,0.0976525,0.03568141
180,cyclic,22.5,0.6979732,0.2933714,0.687901,0.2979351,0.1010443,0.03532104
180,cyclic,23,0.7115538,0.3016893,0.7027863,0.3049577,0.09716745,0.03364235
180,cyclic,23.5,0.7265168,0.3089004,0.7177165,0.311868,0.09978632,0.03248307
180,cyclic,24,0.741881,0.3143748,0.7327948,0.3188062,0.09761593,0.03561132
180,cyclic,24.5,0.7567912,0.3207799,0.7475598,0.3256587,0.09823162,0.036154
180,cyclic,25,0.770672,0.3294044,0.7624381,0.332579,0.0987048,0.03050911
180,cyclic,25.5,0.7856041,0.3362784,0.7773785,0.3393641,0.0999066,0.03068664
180,cyclic,26,0.8008014,0.3426173,0.7925377,0.3459525,0.1005513,0.03034529
180,cyclic,26.5,0.8157978,0.3495854,0.8074662,0.3527207,0.1020199,0.03283677
180,cyclic,27,0.8308599,0.355223,0.8223077,0.3595211,0.09959637,0.03699604
180,cyclic,27.5,0.8462573,0.361537,0.8371483,0.36626,0.1034716,0.03786848
180,cyclic,28,0.8598926,0.3692232,0.8521282,0.3731647,0.09626348,0.03622165
180,cyclic,28.5,0.8756124,0.3746513,0.8668902,0.3798893,0.09935083,0.04069439
180,cyclic,29,0.8897087,0.3819658,0.8816579,0.3865909,0.09872124,0.03461065
180,cyclic,29.5,0.9042728,0.388862,0.8964176,0.3932163,0.09945672,0.03273568
180,cyclic,30,0.9193019,0.3953175,0.9110222,0.4000972,0.1019349,0.0348223
180,cyclic,30.5,0.9335426,0.4032736,0.9259605,0.406637,0.09889592,0.04268358
180,cyclic,31,0.9491509,0.4094872,0.9407669,0.4132046,0.1037658,0.04781966
180,cyclic,31.5,0.9652169,0.4156394,0.9555893,0.4199764,0.1136996,0.0472646
180,cyclic,32,0.9797073,0.422028,0.9704882,0.4262664,0.1096136,0.05179196
180,cyclic,32.5,0.9939193,0.4293448,0.9853834,0.4327449,0.1089235,0.04862553
180,cyclic,33,1.008,0.4365211,1.000004,0.4390347,0.1056324,0.05436044
180,cyclic,33.5,1.02219,0.4429645,1.015079,0.4457913,0.09954398,0.04802092
180,cyclic,34,1.037377,0.4491206,1.030225,0.4523232,0.09991572,0.04658989
180,cyclic,34.5,1.052478,0.455313,1.04553,0.4588455,0.0997627,0.0404863
180,cyclic,35,1.065977,0.462814,1.06045,0.4655881,0.08997942,0.03566599
180,cyclic,35.5,1.081446,0.4695612,1.07579,0.4722167,0.0932441,0.03448572
180,cyclic,36,1.096588,0.4768211,1.090973,0.4788282,0.09741959,0.03194992
180,cyclic,36.5,1.111916,0.4833721,1.106091,0.4854452,0.1002672,0.03174866
180,cyclic,37,1.125761,0.4902662,1.121008,0.4917179,0.09451438,0.02025479
180,cyclic,37.5,1.140499,0.4966724,1.136364,0.4978068,0.0890858,0.02071264
180,cyclic,38,1.154933,0.5029069,1.151555,0.503983,0.07963804,0.02101961
180,cyclic,38.5,1.170209,0.5091037,1.167164,0.5102945,0.07643025,0.01140423
180,cyclic,39,1.185094,0.5150398,1.182472,0.5162883,0.06882707,0.01617862
180,cyclic,39.5,1.200216,0.5214172,1.197931,0.5223851,0.06527289,0.01652842
180,cyclic,40,1.215792,0.5277082,1.213291,0.5286368,0.06830967,0.02236018
180,cyclic,40.5,1.231067,0.5338794,1.228879,0.534818,0.06464295,0.01629388
180,cyclic,41,1.246231,0.5403259,1.244064,0.5411246,0.0655239,0.01722096
180,cyclic,41.5,1.261683,0.5467203,1.259555,0.5473763,0.06592222,0.01889599
180,cyclic,42,1.276983,0.5530817,1.274985,0.5536762,0.06339101,0.02192224
180,cyclic,42.5,1.292182,0.5593956,1.28994,0.5601581,0.06766335,0.02051877
180,cyclic,43,1.307891,0.5658389,1.30574,0.5665811,0.06599614,0.02217899
180,cyclic,43.5,1.323311,0.5718492,1.321114,0.5725946,0.06780775,0.02060609
180,cyclic,44,1.338656,0.5778309,1.336423,0.5785996,0.06798564,0.02306863
180,cyclic,44.5,1.354195,0.583734,1.351863,0.5845104,0.0698132,0.02459415
180,cyclic,45,1.370193,0.5892186,1.36751,0.5901396,0.07495665,0.02701567
180,cyclic,45.5,1.385979,0.5949627,1.383247,0.5962219,0.07466417,0.02445095
180,cyclic,46,1.401437,0.600752,1.398742,0.602092,0.07390059,0.02412065
180,cyclic,46.5,1.417176,0.606241,1.414255,0.607961,0.07531499,0.02547091
180,cyclic,47,1.432398,0.6131005,1.429776,0.6142574,0.07624789,0.01894019
180,cyclic,47.5,1.448006,0.6190029,1.445401,0.6202333,0.0762857,0.01688754
180,cyclic,48,1.463292,0.624944,1.460671,0.6263541,0.07523732,0.0185549
180,cyclic,48.5,1.479155,0.6307146,1.476423,0.6321249,0.07783255,0.01845307
180,cyclic,49,1.495143,0.6363803,1.492157,0.6378995,0.08059925,0.02485432
180,cyclic,49.5,1.510958,0.6424663,1.507914,0.6440019,0.08195757,0.0250061
180,cyclic,50,1.526973,0.6482782,1.523701,0.6500029,0.08510961,0.02538807
180,cyclic,50.5,1.54324,0.6542884,1.539835,0.6559939,0.08757295,0.0272684
180,cyclic,51,1.558804,0.660218,1.555515,0.6620487,0.08611915,0.02350132
180,cyclic,51.5,1.575035,0.6661564,1.571428,0.6683034,0.08918498,0.02665379
180,cyclic,52,1.59079,0.6720214,1.587076,0.6745527,0.08823382,0.02866243
180,cyclic,52.5,1.607043,0.678182,1.603128,0.6809394,0.09027931,0.03007066
180,cyclic,53,1.622158,0.6849219,1.618888,0.6869157,0.08558151,0.02667927
180,cyclic,53.5,1.637999,0.6914716,1.634636,0.6932813,0.08915126,0.02668049
180,cyclic,54,1.65439,0.6969687,1.650751,0.6994151,0.08860464,0.03128974
180,cyclic,54.5,1.670207,0.703153,1.666403,0.7057378,0.090482,0.03318546
180,cyclic,55,1.685306,0.710147,1.681793,0.71196,0.09228049,0.03014099
180,cyclic,55.5,1.700964,0.7160709,1.697378,0.7180308,0.09247567,0.03186972
180,cyclic,56,1.716411,0.7223818,1.713108,0.7239047,0.0909613,0.03181454
180,cyclic,56.5,1.732048,0.7287803,1.728662,0.7304101,0.0915729,0.03363887
180,cyclic,57,1.747503,0.7360052,1.744618,0.7373804,0.08683192,0.02531315
180,cyclic,57.5,1.763018,0.7425603,1.760031,0.7440043,0.08750858,0.02949811
180,cyclic,58,1.778797,0.7490583,1.775933,0.7503689,0.08600982,0.03109704
180,cyclic,58.5,1.793843,0.7560346,1.791455,0.7571614,0.07925954,0.02640567
180,cyclic,59,1.809259,0.762317,1.806957,0.7635072,0.07749437,0.02502444
180,cyclic,59.5,1.825225,0.7688908,1.822743,0.7702523,0.08094092,0.0231953
180,cyclic,60,1.840763,0.7755391,1.838299,0.7769777,0.07996312,0.02398905
180,random,0,0,0,0,0,0,0
180,random,0.5,0.03244344,0.009029935,0.01527247,0.006410403,0.02802653,0.008721778
180,random,1,0.06425415,0.0186353,0.03049938,0.01284284,0.05542198,0.01777065
180,random,1.5,0.09743694,0.02700294,0.04574113,0.01927721,0.08423328,0.02607945
180,random,2,0.1223073,0.03463579,0.06102641,0.02565294,0.1032244,0.03393594
180,random,2.5,0.1471892,0.04597602,0.07624827,0.03201158,0.1224272,0.04468637
180,random,3,0.1632325,0.05302475,0.09143157,0.03825519,0.1304409,0.05181994
180,random,3.5,0.1820114,0.05754193,0.1066475,0.04459388,0.1411223,0.05708066
180,random,4,0.2038434,0.06200124,0.1219056,0.05099752,0.1560212,0.06095544
180,random,4.5,0.2233586,0.06620574,0.1372697,0.05745809,0.1674223,0.06524077
180,random,5,0.2285523,0.07292579,0.1527156,0.06390638,0.1599444,0.0688577
180,random,5.5,0.2433983,0.0794341,0.1680721,0.07033727,0.1669577,0.06816333
180,random,6,0.2566662,0.0815369,0.1834037,0.0767732,0.1693512,0.06709967
180,random,6.5,0.274211,0.08728892,0.1988329,0.08326191,0.1787732,0.06766595
180,random,7,0.2885463,0.08126847,0.2142342,0.08967457,0.1765808,0.07120572
180,random,7.5,0.3039809,0.09034951,0.2295895,0.09602866,0.178274,0.08526023
180,random,8,0.2907709,0.09215981,0.2449525,0.1023084,0.1399524,0.05698021
180,random,8.5,0.3062023,0.1070793,0.2603539,0.1085679,0.1452971,0.06927799
180,random,9,0.3065026,0.1110012,0.2757243,0.1148853,0.124494,0.04088112
180,random,9.5,0.3209151,0.1166812,0.2910831,0.1211684,0.1253686,0.0400783
180,random,10,0.3390023,0.1223454,0.3064508,0.1274803,0.131583,0.05106953
180,random,10.5,0.3535048,0.1268312,0.3219838,0.1338198,0.1326438,0.04550532
180,random,11,0.360703,0.1386961,0.3375487,0.1401807,0.1190747,0.04098029
180,random,11.5,0.3788866,0.1473801,0.3530643,0.1466112,0.1298695,0.0486587
180,random,12,0.3937176,0.1510894,0.3684235,0.1530865,0.1273535,0.05111047
180,random,12.5,0.4122487,0.1564434,0.3837409,0.1596934,0.1357057,0.0589365
180,random,13,0.4273671,0.1629379,0.3990391,0.1663763,0.1364061,0.06264493
180,random,13.5,0.4420636,0.17024,0.4143201,0.1730879,0.1348253,0.06997986
180,random,14,0.4543048,0.1748204,0.4295957,0.1797809,0.1266056,0.06601726
180,random,14.5,0.4725398,0.183764,0.4448616,0.186457,0.1391,0.07324117
180,random,15,0.4845202,0.1874343,0.460076,0.1931505,0.1279132,0.07004841
180,random,15.5,0.5009944,0.1937608,0.4753519,0.1998468,0.131005,0.07676298
180,random,16,0.5136124,0.2029634,0.4906702,0.2067493,0.128238,0.07342672
180,random,16.5,0.531618,0.2067254,0.5059047,0.2137161,0.1357725,0.07575402
180,random,17,0.5435675,0.2143372,0.5211825,0.2207563,0.1284447,0.07021139
180,random,17.5,0.5588193,0.2189073,0.5364103,0.2277358,0.1301913,0.06363759
180,random,18,0.5744174,0.2239994,0.551635,0.234675,0.1322015,0.06091539
180,random,18.5,0.5892026,0.2316756,0.5667495,0.241623,0.1327644,0.0637071
180,random,19,0.6032269,0.2383353,0.581906,0.2486186,0.1309934,0.05939842
180,random,19.5,0.6169475,0.2472392,0.5971362,0.2556715,0.1274334,0.06311798
180,random,20,0.6300068,0.2547217,0.6122146,0.2627257,0.1177674,0.06726348
180,random,20.5,0.6461843,0.2588036,0.6273255,0.2697894,0.1197467,0.06618119
180,random,21,0.6614805,0.263893,0.6422329,0.2768655,0.1191709,0.0667082
180,random,21.5,0.6752172,0.2737957,0.6573108,0.2839577,0.1184734,0.06836689
180,random,22,0.6869177,0.2843482,0.672229,0.2908144,0.1196189,0.04726396
180,random,22.5,0.7005356,0.2913333,0.6871573,0.2977656,0.1130452,0.04796962
180,random,23,0.7138243,0.2992856,0.7020228,0.304747,0.1067121,0.04798815
180,random,23.5,0.7285653,0.307236,0.7169713,0.31172,0.1089802,0.04862575
180,random,24,0.7433221,0.3127816,0.7317629,0.3188134,0.1107501,0.03503412
180,random,24.5,0.758623,0.3193056,0.7466204,0.3256795,0.1138307,0.035598
180,random,25,0.7737086,0.32613,0.7615212,0.3325352,0.114772,0.04013073
180,random,25.5,0.7894186,0.3328173,0.7764268,0.3392527,0.1180816,0.04910885
180,random,26,0.8030996,0.3404847,0.7914034,0.3460215,0.1142184,0.04580053
180,random,26.5,0.8176135,0.347562,0.8063049,0.352761,0.1132764,0.0467237
180,random,27,0.8326919,0.3534547,0.8211482,0.3596478,0.1116283,0.05062715
180,random,27.5,0.8474732,0.3601063,0.8359923,0.3663585,0.1119937,0.05099294
180,random,28,0.8622974,0.3667447,0.8508042,0.3730702,0.1144714,0.04745821
180,random,28.5,0.877304,0.3720111,0.8654371,0.3794186,0.111918,0.0549378
180,random,29,0.8918702,0.3791271,0.8800949,0.3860483,0.113256,0.05626374
180,random,29.5,0.9060687,0.3858272,0.8948146,0.392565,0.1112896,0.05524472
180,random,30,0.9191138,0.3943776,0.9096528,0.3989644,0.1041549,0.05616569
180,random,30.5,0.9337956,0.4013312,0.9244629,0.405544,0.1058733,0.05528882
180,random,31,0.9471109,0.4082826,0.9392067,0.4119855,0.1015097,0.04255168
180,random,31.5,0.9627827,0.4145295,0.9541061,0.4185884,0.1070301,0.04547175
180,random,32,0.9790336,0.4210746,0.968964,0.4250742,0.117665,0.0518647
180,random,32.5,0.993913,0.4282236,0.9837711,0.4317846,0.1188588,0.05638967
180,random,33,1.009163,0.4342228,0.9988581,0.4385553,0.1213281,0.05005368
180,random,33.5,1.024033,0.4405395,1.013889,0.4452508,0.1185295,0.05290541
180,random,34,1.037422,0.4475342,1.029003,0.4517094,0.1081308,0.04743189
180,random,34.5,1.051425,0.4554374,1.04415,0.4585545,0.1055175,0.03844429
180,random,35,1.06818,0.4603927,1.059288,0.4648138,0.1156925,0.04162171
180,random,35.5,1.082128,0.4681644,1.074384,0.4715903,0.1100373,0.04016309
180,random,36,1.097424,0.4745528,1.08986,0.4781523,0.107087,0.04378173
180,random,36.5,1.112619,0.4809927,1.105203,0.484829,0.1067977,0.04001327
180,random,37,1.124996,0.4887202,1.119925,0.4906545,0.09092026,0.03723621
180,random,37.5,1.139096,0.4955694,1.134983,0.4969356,0.08126842,0.03922186
180,random,38,1.15391,0.5015936,1.150151,0.503133,0.07714571,0.03612791
180,random,38.5,1.168805,0.5076339,1.165436,0.5092508,0.07236345,0.03348668
180,random,39,1.184056,0.5147204,1.181056,0.5155927,0.07155594,0.034349
180,random,39.5,1.199185,0.5213082,1.19639,0.5218651,0.07097791,0.0341167
180,random,40,1.214368,0.5275986,1.211694,0.5280846,0.06919149,0.03570944
180,random,40.5,1.22982,0.5337692,1.227147,0.534357,0.07136064,0.03038457
180,random,41,1.245102,0.540017,1.24229,0.5406315,0.07365741,0.03142825
180,random,41.5,1.26041,0.5465008,1.257617,0.5470903,0.0760592,0.02588802
180,random,42,1.276084,0.552637,1.273317,0.5531043,0.07702922,0.02573484
180,random,42.5,1.291723,0.5587901,1.288497,0.5593812,0.083189,0.02856651
180,random,43,1.307163,0.5645646,1.304062,0.5652727,0.08181579,0.02604952
180,random,43.5,1.322918,0.5703501,1.319563,0.5712757,0.08434323,0.02809595
180,random,44,1.337841,0.5762673,1.334823,0.5772051,0.07968852,0.02692322
180,random,44.5,1.353296,0.5825339,1.350333,0.583262,0.08010617,0.02882866
180,random,45,1.368845,0.5884673,1.36579,0.5892109,0.0823954,0.02773969
180,random,45.5,1.384687,0.5941893,1.381448,0.5951129,0.08426939,0.02928048
180,random,46,1.400578,0.6001287,1.397435,0.6010713,0.08372452,0.02729285
180,random,46.5,1.416545,0.6059298,1.413063,0.6072369,0.08693448,0.02879504
180,random,47,1.431737,0.6113198,1.428222,0.6132418,0.08596738,0.02118809
180,random,47.5,1.447082,0.6173887,1.443721,0.6193378,0.08351113,0.02181657
180,random,48,1.462635,0.6236536,1.459022,0.625603,0.08759207,0.02447517
180,random,48.5,1.478535,0.6294243,1.474776,0.631445,0.08801303,0.03140212
180,random,49,1.493975,0.635751,1.490602,0.6373365,0.08454116,0.03251545
180,random,49.5,1.509721,0.6416396,1.506234,0.6433466,0.08588229,0.0333853
180,random,50,1.525255,0.6480175,1.522346,0.6491708,0.08080138,0.03101439
180,random,50.5,1.541114,0.6537448,1.538086,0.6551705,0.08199512,0.02950122
180,random,51,1.55643,0.6602563,1.554101,0.6610756,0.07472064,0.02582762
180,random,51.5,1.572443,0.6665173,1.569946,0.6673706,0.07776902,0.02744674
180,random,52,1.588593,0.6723503,1.586139,0.6734118,0.07656566,0.02447959
180,random,52.5,1.60442,0.679089,1.602085,0.679932,0.0770448,0.02209254
180,random,53,1.619869,0.6854697,1.617634,0.6862723,0.07553487,0.0225451
180,random,53.5,1.635577,0.6918688,1.633337,0.692682,0.07583867,0.02297495
180,random,54,1.650842,0.6982443,1.648875,0.699004,0.07051036,0.02316758
180,random,54.5,1.666566,0.7043579,1.664562,0.7051435,0.07147851,0.02326657
180,random,55,1.682283,0.7107094,1.680456,0.7113442,0.0684805,0.02505224
180,random,55.5,1.698018,0.7170658,1.69615,0.7176884,0.06985349,0.0253602
180,random,56,1.713863,0.7232434,1.711994,0.7238111,0.07049248,0.02623669
180,random,56.5,1.729643,0.7295735,1.727623,0.730269,0.07313497,0.02658169
180,random,57,1.745188,0.7355833,1.742874,0.7370524,0.07295061,0.02698639
180,random,57.5,1.760952,0.7422801,1.758495,0.7437632,0.07670383,0.02655177
180,random,58,1.776968,0.7488739,1.774407,0.7502258,0.07983959,0.02893364
180,random,58.5,1.792534,0.7547815,1.789942,0.7564588,0.07801477,0.02884101
180,random,59,1.807978,0.7608715,1.805192,0.7628115,0.08112914,0.02670237
180,random,59.5,1.823838,0.7675603,1.821205,0.7691635,0.08192434,0.02397781
180,random,60,1.838951,0.7750976,1.83672,0.776188,0.0791175,0.01871907
180,geometry,0,0,0,0,0,0,0
180,geometry,0.5,0.03254499,0.008832817,0.01527247,0.006410404,0.02815194,0.008489939
180,geometry,1,0.0659979,0.01754941,0.03049938,0.01284284,0.05737708,0.01683581
180,geometry,1.5,0.09784741,0.02671171,0.04574112,0.01927719,0.08471938,0.02573758
180,geometry,2,0.1226547,0.03640025,0.06102653,0.02565291,0.103202,0.0370326
180,geometry,2.5,0.149935,0.04580856,0.07624851,0.03201158,0.1248741,0.04693919
180,geometry,3,0.1605156,0.05575428,0.09143165,0.03825569,0.1250775,0.05915104
180,geometry,3.5,0.1725961,0.0645477,0.1066473,0.04459452,0.1274504,0.06681469
180,geometry,4,0.1874713,0.05826942,0.1219048,0.05099732,0.1346854,0.05524508
180,geometry,4.5,0.2053347,0.06697403,0.1372692,0.05745748,0.1443693,0.06157531
180,geometry,5,0.2206393,0.06828167,0.1527149,0.06390463,0.1491438,0.06211713
180,geometry,5.5,0.2393398,0.07296115,0.1680719,0.07033551,0.1586863,0.06658173
180,geometry,6,0.2510216,0.07627322,0.1834026,0.07677076,0.1588766,0.06538338
180,geometry,6.5,0.2676459,0.08222588,0.1988315,0.08326065,0.1651069,0.07016813
180,geometry,7,0.2857673,0.09120406,0.2142394,0.08967201,0.1747528,0.07601347
180,geometry,7.5,0.2945151,0.09307859,0.2295952,0.09602642,0.1680121,0.07446348
180,geometry,8,0.3031398,0.09777816,0.244949,0.1023073,0.1563721,0.08322807
180,geometry,8.5,0.3158877,0.1036391,0.2603533,0.1085656,0.1548727,0.08597724
180,geometry,9,0.3230612,0.1044837,0.2757199,0.1148746,0.1388211,0.08528859
180,geometry,9.5,0.3285668,0.1115154,0.2910809,0.1211429,0.1323535,0.06141034
180,geometry,10,0.3357321,0.1176111,0.3064412,0.1274618,0.1147791,0.05931305
180,geometry,10.5,0.3520848,0.1247784,0.3219811,0.1337915,0.1212381,0.05964141
180,geometry,11,0.3618241,0.1297123,0.3375411,0.1401698,0.109819,0.0485722
180,geometry,11.5,0.3763521,0.1333457,0.3530423,0.1466242,0.1050816,0.05055659
180,geometry,12,0.3925813,0.1386381,0.3684347,0.1531138,0.1069766,0.05543894
180,geometry,12.5,0.4083954,0.1457964,0.3837552,0.1597247,0.1115748,0.0564498
180,geometry,13,0.4226201,0.152387,0.3990801,0.1664198,0.108554,0.05901635
180,geometry,13.5,0.4375975,0.1571828,0.4144168,0.1731582,0.107581,0.05770317
180,geometry,14,0.4510193,0.1660627,0.4297557,0.1798803,0.1087797,0.04978219
180,geometry,14.5,0.4682719,0.172606,0.4450604,0.1866256,0.1179247,0.0513917
180,geometry,15,0.483272,0.1785342,0.4603721,0.1933035,0.1200925,0.04553703
180,geometry,15.5,0.4975916,0.1856449,0.4755833,0.2000811,0.1178705,0.04849819
180,geometry,16,0.5120717,0.1943549,0.4909093,0.2070662,0.1195337,0.04690206
180,geometry,16.5,0.5267564,0.2013384,0.5061501,0.2141111,0.1208339,0.04158085
180,geometry,17,0.5440852,0.2057448,0.5214222,0.2211725,0.1250329,0.04874548
180,geometry,17.5,0.5580868,0.2132915,0.5366664,0.2281652,0.1212093,0.05150962
180,geometry,18,0.5726547,0.2212019,0.5518212,0.235224,0.1224474,0.04977043
180,geometry,18.5,0.5866753,0.2302996,0.5669999,0.2421028,0.1236585,0.04713339
180,geometry,19,0.6014951,0.2367108,0.5821017,0.2492434,0.1220732,0.04884233
180,geometry,19.5,0.61555,0.2456424,0.5973028,0.2561625,0.1212769,0.05034696
180,geometry,20,0.6267522,0.2553347,0.612426,0.2632731,0.1116011,0.03820879
180,geometry,20.5,0.6415441,0.2625691,0.6276249,0.2703806,0.1119444,0.03523283
180,geometry,21,0.655434,0.2707592,0.6425395,0.2775117,0.109758,0.03513519
180,geometry,21.5,0.66942,0.2787567,0.6576281,0.2845555,0.1064804,0.03564601
180,geometry,22,0.6827165,0.286562,0.6725726,0.2915997,0.100102,0.03179955
180,geometry,22.5,0.6963951,0.2955297,0.6875038,0.2986354,0.09727967,0.03384683
180,geometry,23,0.7104414,0.3033872,0.7025465,0.3056474,0.09496219,0.02955648
180,geometry,23.5,0.72497,0.3105015,0.7174832,0.3123816,0.09563619,0.02385369
180,geometry,24,0.7399234,0.3178262,0.7323366,0.3193803,0.0961942,0.03204713
180,geometry,24.5,0.7551081,0.3243482,0.7471772,0.3262078,0.0989735,0.03194282
180,geometry,25,0.7704086,0.331825,0.7621288,0.3329647,0.1034194,0.03661688
180,geometry,25.5,0.7854612,0.3387847,0.777083,0.3398083,0.1045637,0.03970929
180,geometry,26,0.7988657,0.3452015,0.7920944,0.3465144,0.09148794,0.04026322
180,geometry,26.5,0.8136996,0.3513919,0.8069746,0.3532863,0.09180111,0.03559127
180,geometry,27,0.828375,0.3585813,0.821937,0.3601154,0.09187902,0.03457354
180,geometry,27.5,0.8434143,0.3646269,0.8366972,0.366752,0.09351369,0.03346847
180,geometry,28,0.8588111,0.3710945,0.8514768,0.3736218,0.09829133,0.03394512
180,geometry,28.5,0.8732156,0.3772401,0.8663137,0.3801066,0.09315238,0.03651019
180,geometry,29,0.8863768,0.3852531,0.88117,0.3866035,0.08563087,0.03044327
180,geometry,29.5,0.9016279,0.3913387,0.8958963,0.3931177,0.08883312,0.03380347
180,geometry,30,0.9164313,0.3977626,0.9107291,0.3996945,0.08838205,0.03470093
180,geometry,30.5,0.9303241,0.4046115,0.9255714,0.4060752,0.08272961,0.02989608
180,geometry,31,0.9457452,0.4111526,0.9405027,0.4128147,0.0865926,0.0338645
180,geometry,31.5,0.9613962,0.4163534,0.9551639,0.4192143,0.09226613,0.03495208
180,geometry,32,0.9755299,0.4239104,0.9699246,0.42574,0.08969657,0.0381489
180,geometry,32.5,0.9898547,0.4307222,0.9849176,0.4322036,0.0855459,0.03579263
180,geometry,33,1.005371,0.4372471,0.9997541,0.4385459,0.09351989,0.03886924
180,geometry,33.5,1.020282,0.44466,1.014731,0.4455307,0.09533371,0.03937303
180,geometry,34,1.035148,0.4507435,1.029895,0.4521649,0.09302839,0.03200154
180,geometry,34.5,1.049628,0.4565517,1.044821,0.4584852,0.08769537,0.02710953
180,geometry,35,1.065388,0.4626812,1.060011,0.4646897,0.0935592,0.03087301
180,geometry,35.5,1.080265,0.4691088,1.075342,0.4714169,0.08844851,0.02764943
180,geometry,36,1.094412,0.4766029,1.090604,0.4778364,0.0812842,0.02505833
180,geometry,36.5,1.109455,0.4829456,1.105784,0.4841856,0.08051922,0.02319111
180,geometry,37,1.123434,0.4899355,1.120644,0.4907103,0.07242595,0.01753808
180,geometry,37.5,1.138359,0.4964762,1.136056,0.4969392,0.06749673,0.01601525
180,geometry,38,1.15322,0.5024876,1.151082,0.5031646,0.06324884,0.01712449
180,geometry,38.5,1.168356,0.5084314,1.166282,0.5091486,0.0621587,0.01730356
180,geometry,39,1.183729,0.5149067,1.181647,0.5154374,0.06363248,0.01935576
180,geometry,39.5,1.19906,0.5210917,1.197044,0.5216043,0.06298284,0.01938055
180,geometry,40,1.214895,0.5269497,1.212758,0.5278101,0.06432561,0.01402755
180,geometry,40.5,1.230236,0.5331149,1.228044,0.5340152,0.06480703,0.01702147
180,geometry,41,1.245589,0.5390064,1.243544,0.5400219,0.06197298,0.01481886
180,geometry,41.5,1.260893,0.5452814,1.258686,0.5463678,0.06479803,0.01577334
180,geometry,42,1.276041,0.5518174,1.273882,0.5529696,0.0631844,0.01790583
180,geometry,42.5,1.291506,0.5581618,1.289413,0.559081,0.0642793,0.01757911
180,geometry,43,1.307475,0.5639016,1.305254,0.5649364,0.06647567,0.01697817
180,geometry,43.5,1.322864,0.569974,1.320641,0.5710019,0.06689928,0.01737724
180,geometry,44,1.338332,0.5760242,1.336098,0.5770001,0.06719261,0.02029883
180,geometry,44.5,1.354049,0.5819511,1.351743,0.5830688,0.06835268,0.01871448
180,geometry,45,1.369722,0.5877014,1.367314,0.5888667,0.0697293,0.02115496
180,geometry,45.5,1.385628,0.5936608,1.382916,0.5950035,0.07410807,0.02290882
180,geometry,46,1.40152,0.5991558,1.398629,0.6011058,0.07331376,0.02286959
180,geometry,46.5,1.41717,0.6049846,1.414135,0.607142,0.07441179,0.02454613
180,geometry,47,1.432661,0.6111789,1.429507,0.613341,0.07572496,0.02861413
180,geometry,47.5,1.448278,0.6173223,1.445017,0.619481,0.07687405,0.03228035
180,geometry,48,1.463074,0.6239682,1.460308,0.6257577,0.0705625,0.03215939
180,geometry,48.5,1.478989,0.6298259,1.475922,0.6316162,0.0767865,0.03279957
180,geometry,49,1.495425,0.6347559,1.491987,0.6371987,0.07911482,0.03341745
180,geometry,49.5,1.511157,0.6406662,1.507433,0.6432942,0.0834699,0.03354213
180,geometry,50,1.52669,0.6468673,1.523305,0.6492301,0.0811235,0.02961622
180,geometry,50.5,1.542483,0.6528421,1.538941,0.6553355,0.08265113,0.03218065
180,geometry,51,1.557672,0.6595939,1.554844,0.6612124,0.07858922,0.02502133
180,geometry,51.5,1.5734,0.6660204,1.570498,0.6674233,0.08138762,0.02760258
180,geometry,52,1.59019,0.6711068,1.586575,0.6735746,0.08624243,0.03065472
180,geometry,52.5,1.605867,0.676987,1.602299,0.679488,0.08598031,0.02955576
180,geometry,53,1.621822,0.6833227,1.618243,0.6859395,0.08602269,0.02886632
180,geometry,53.5,1.637401,0.6900073,1.633971,0.6920643,0.08851394,0.02687681
180,geometry,54,1.652834,0.6957494,1.649636,0.6978629,0.08371954,0.02822414
180,geometry,54.5,1.667899,0.7030625,1.665175,0.7044537,0.08200581,0.02287625
180,geometry,55,1.683879,0.7088781,1.68102,0.7108585,0.08128331,0.01904017
180,geometry,55.5,1.699523,0.7145442,1.696409,0.7168799,0.08322892,0.02226619
180,geometry,56,1.715565,0.720647,1.712178,0.7232434,0.0864655,0.02460926
180,geometry,56.5,1.730643,0.7271799,1.727666,0.7293188,0.08255059,0.0234179
180,geometry,57,1.746426,0.73436,1.74361,0.7363062,0.08139314,0.02260299
180,geometry,57.5,1.761521,0.7412939,1.758813,0.74303,0.0812146,0.02266198
180,geometry,58,1.777265,0.7479082,1.774514,0.7497955,0.08017674,0.02625639
180,geometry,58.5,1.792645,0.7545037,1.789631,0.7566317,0.08248582,0.03138809
180,geometry,59,1.808863,0.7608533,1.805553,0.7632731,0.08675281,0.03138656
180,geometry,59.5,1.824424,0.7676834,1.821409,0.7695831,0.08595835,0.02959833
180,geometry,60,1.84051,0.7742439,1.837195,0.7762145,0.0907462,0.03327998
180,information,0,0,0,0,0,0,0
180,information,0.5,0.03294541,0.00896563,0.01527247,0.006410404,0.02856498,0.008797036
180,information,1,0.06355622,0.01751319,0.03049939,0.01284285,0.05465845,0.01642586
180,information,1.5,0.09508596,0.02651296,0.04574115,0.01927718,0.08172964,0.02479628
180,information,2,0.1262031,0.0381998,0.06102648,0.02565289,0.1079544,0.03713321
180,information,2.5,0.1507608,0.04366853,0.07624808,0.03201166,0.1264532,0.04307545
180,information,3,0.1696745,0.04990978,0.09143159,0.03825506,0.1373439,0.05173324
180,information,3.5,0.1826232,0.06037892,0.106647,0.04459374,0.1414922,0.0609726
180,information,4,0.1941453,0.06443252,0.1219049,0.05099749,0.1434215,0.06270348
180,information,4.5,0.2163119,0.07047062,0.1372679,0.05745784,0.1584048,0.0683472
180,information,5,0.2319693,0.07137709,0.1527143,0.06390581,0.1655728,0.06516318
180,information,5.5,0.242122,0.08389593,0.1680727,0.07033496,0.1636046,0.0767438
180,information,6,0.259184,0.08452308,0.1834064,0.07677191,0.1691755,0.08016977
180,information,6.5,0.2717354,0.08102015,0.1988381,0.08326151,0.1711757,0.06998218
180,information,7,0.2898721,0.09575392,0.2142406,0.08967127,0.1768644,0.09129053
180,information,7.5,0.29798,0.09621586,0.2296003,0.09602404,0.1719346,0.08302994
180,information,8,0.3172218,0.09428932,0.2449538,0.102305,0.1795877,0.08509109
180,information,8.5,0.3244537,0.09476305,0.260358,0.1085619,0.1691759,0.08077303
180,information,9,0.3304012,0.1000324,0.2757333,0.1148819,0.1530909,0.083776
180,information,9.5,0.3461526,0.1052847,0.2910967,0.1211443,0.1534239,0.09253136
180,information,10,0.3478174,0.1081764,0.3064494,0.1274573,0.138819,0.06051488
180,information,10.5,0.3567761,0.1167948,0.3220002,0.1337889,0.1281782,0.05739851
180,information,11,0.3674967,0.1232511,0.3375669,0.1401359,0.1169569,0.05802539
180,information,11.5,0.3805206,0.1309177,0.3530512,0.1465476,0.1161553,0.05169565
180,information,12,0.3904757,0.1404566,0.3684484,0.1530457,0.1024562,0.05340566
180,information,12.5,0.3999774,0.151921,0.3837592,0.1596569,0.09250587,0.04429112
180,information,13,0.4160916,0.157365,0.399022,0.166318,0.09595889,0.04533489
180,information,13.5,0.4316622,0.1629099,0.4143324,0.1730621,0.09706607,0.04586878
180,information,14,0.4438963,0.1743522,0.4296756,0.1798277,0.09444274,0.04181555
180,information,14.5,0.4611577,0.1797098,0.4450057,0.1865506,0.09910885,0.05061251
180,information,15,0.4769114,0.1850199,0.4602735,0.1932175,0.09886832,0.05498587
180,information,15.5,0.4898742,0.1928198,0.4755266,0.1999972,0.09510331,0.04733049
180,information,16,0.5011767,0.2024662,0.4908684,0.206938,0.08496652,0.03653006
180,information,16.5,0.5190796,0.2084437,0.5061397,0.2139164,0.09493431,0.04654227
180,information,17,0.5351381,0.2165628,0.5214321,0.2209298,0.1018467,0.04913572
180,information,17.5,0.5514416,0.223374,0.5367164,0.2279474,0.1075908,0.05116309
180,information,18,0.5666272,0.2290095,0.5519379,0.2349922,0.1051766,0.05362275
180,information,18.5,0.5815396,0.2360402,0.5671042,0.2418913,0.1052354,0.05477341
180,information,19,0.5969291,0.2412032,0.5822124,0.2489159,0.1050578,0.05355582
180,information,19.5,0.6115986,0.2488115,0.5973408,0.2559211,0.1041048,0.05610116
180,information,20,0.625908,0.2566495,0.6123762,0.2628,0.103892,0.05551293
180,information,20.5,0.639329,0.2641808,0.6275268,0.2699314,0.09966156,0.04703114
180,information,21,0.6505242,0.2750474,0.6425612,0.2771899,0.08404226,0.04712513
180,information,21.5,0.6654697,0.2826282,0.6576018,0.2842916,0.08621636,0.04679924
180,information,22,0.6799918,0.2889866,0.6725315,0.2913775,0.08426942,0.041935
180,information,22.5,0.6941568,0.2958101,0.6874448,0.2983693,0.0815459,0.03522791
180,information,23,0.7093691,0.3025412,0.7025026,0.3052309,0.08403534,0.03371059
180,information,23.5,0.7243616,0.3093426,0.7173967,0.3121176,0.08689978,0.02994424
180,information,24,0.737984,0.3166231,0.732313,0.3190555,0.08037386,0.02075178
180,information,24.5,0.7537676,0.3232176,0.7472966,0.3259524,0.08572503,0.02671496
180,information,25,0.7691798,0.3306076,0.7622981,0.3328099,0.09090709,0.03055721
180,information,25.5,0.7840392,0.3380065,0.7773105,0.3396843,0.09092918,0.03490626
180,information,26,0.798229,0.3448688,0.7923306,0.3463763,0.08680027,0.03004626
180,information,26.5,0.8133643,0.3512496,0.8072659,0.3529974,0.08983292,0.02603671
180,information,27,0.8276948,0.3590898,0.8222649,0.360214,0.08621547,0.02824354
180,information,27.5,0.8427884,0.3657845,0.8371211,0.3669776,0.0890738,0.0282051
180,information,28,0.8578435,0.3719367,0.8519537,0.3737287,0.09144062,0.02151141
180,information,28.5,0.8730707,0.3778402,0.8666629,0.3802216,0.09406484,0.02480899
180,information,29,0.8881808,0.3845734,0.8813468,0.3868481,0.09903499,0.02550354
180,information,29.5,0.9026883,0.3912892,0.8961287,0.3936933,0.09679558,0.02590292
180,information,30,0.9166357,0.3982057,0.9106473,0.4001047,0.09322998,0.02920812
180,information,30.5,0.9315123,0.4048002,0.925491,0.4066525,0.09353168,0.03253109
180,information,31,0.9462651,0.4114865,0.9403463,0.4132102,0.093087,0.0348037
180,information,31.5,0.9613158,0.4178556,0.9550707,0.4198835,0.0963603,0.03354358
180,information,32,0.9762644,0.4244148,0.9699415,0.4262308,0.09764768,0.03703539
180,information,32.5,0.9908777,0.431079,0.9848159,0.4326991,0.09795427,0.03327442
180,information,33,1.007707,0.4365991,0.9998265,0.4393294,0.1111336,0.03549775
180,information,33.5,1.022848,0.4435131,1.015124,0.4462184,0.1103273,0.03674298
180,information,34,1.036833,0.4508466,1.030132,0.4527772,0.1043675,0.03699261
180,information,34.5,1.051876,0.4563256,1.04524,0.4590302,0.1018706,0.03537546
180,information,35,1.066178,0.461949,1.060081,0.4655867,0.09458621,0.02921279
180,information,35.5,1.081658,0.4682886,1.075323,0.4722846,0.09626861,0.02948543
180,information,36,1.095803,0.4766263,1.090685,0.4787158,0.09067999,0.03359629
180,information,36.5,1.110917,0.4821643,1.10586,0.4849025,0.08944671,0.02704368
180,information,37,1.125267,0.4890913,1.121108,0.4912312,0.08178519,0.02634817
180,information,37.5,1.140493,0.4956862,1.136492,0.4975596,0.08134708,0.02764045
180,information,38,1.155185,0.5022965,1.151806,0.5037102,0.07516069,0.02891453
180,information,38.5,1.170043,0.5087054,1.167127,0.5098748,0.07123279,0.02533403
180,information,39,1.184557,0.5150273,1.182145,0.5162031,0.06451629,0.02036264
180,information,39.5,1.200137,0.5208746,1.197538,0.5222377,0.0671294,0.01986137
180,information,40,1.215624,0.527143,1.213222,0.5286344,0.06390606,0.0163882
180,information,40.5,1.231266,0.5335899,1.228795,0.5350343,0.06586299,0.01695099
180,information,41,1.246554,0.5400579,1.243887,0.5416354,0.06827878,0.019436
180,information,41.5,1.261869,0.5463235,1.259081,0.5479299,0.07060479,0.019838
180,information,42,1.277944,0.5521905,1.275054,0.5541404,0.06961285,0.02258378
180,information,42.5,1.29344,0.5585322,1.29042,0.5603061,0.07276312,0.02565792
180,information,43,1.309108,0.5650944,1.30628,0.566299,0.07522999,0.02154469
180,information,43.5,1.324737,0.571275,1.321821,0.5725002,0.07637043,0.02412423
180,information,44,1.339753,0.5772707,1.336977,0.5782914,0.07557468,0.02508077
180,information,44.5,1.355014,0.5837644,1.352443,0.5843471,0.07472013,0.02777392
180,information,45,1.370718,0.5897454,1.367952,0.5904162,0.07593253,0.03335448
180,information,45.5,1.386572,0.5956969,1.383585,0.5966286,0.07916142,0.03163552
180,information,46,1.402304,0.6015263,1.399177,0.6024987,0.08113506,0.03351233
180,information,46.5,1.417878,0.6076078,1.414636,0.6086666,0.08282538,0.03404631
180,information,47,1.433452,0.6137577,1.430316,0.6147645,0.08236898,0.0327472
180,information,47.5,1.448549,0.6208409,1.445904,0.6212187,0.07676757,0.03724997
180,information,48,1.463697,0.6272131,1.461146,0.6274528,0.07758473,0.03490093
180,information,48.5,1.479228,0.6328253,1.476566,0.6333278,0.07850773,0.03401087
180,information,49,1.494882,0.6381416,1.492279,0.6389818,0.07719843,0.02896241
180,information,49.5,1.510692,0.6439835,1.507888,0.6450336,0.07866642,0.03226031
180,information,50,1.52668,0.6501298,1.524228,0.6511333,0.07290123,0.03124569
180,information,50.5,1.542672,0.6561773,1.540161,0.6573653,0.07372741,0.02939359
180,information,51,1.558656,0.6620562,1.555924,0.6635456,0.07513812,0.03225941
180,information,51.5,1.574365,0.6680759,1.571736,0.6696262,0.07262768,0.03285536
180,information,52,1.590273,0.6741772,1.587679,0.6757726,0.07172052,0.03326378
180,information,52.5,1.606339,0.6804107,1.603687,0.682135,0.0715757,0.03490081
180,information,53,1.621731,0.6867064,1.619158,0.6885276,0.07005667,0.0332397
180,information,53.5,1.636938,0.6928877,1.634797,0.6941617,0.06683782,0.03003871
180,information,54,1.652814,0.6990681,1.650616,0.7005746,0.06695561,0.0285713
180,information,54.5,1.668578,0.7055436,1.666636,0.7065073,0.067627,0.02536361
180,information,55,1.684539,0.7121474,1.682475,0.7131868,0.07059254,0.02425595
180,information,55.5,1.700031,0.7181677,1.697928,0.7193239,0.07096446,0.02367476
180,information,56,1.715719,0.7245287,1.713812,0.7256279,0.0681436,0.02007743
180,information,56.5,1.731519,0.7304148,1.72932,0.7317256,0.07204795,0.02509231
180,information,57,1.746692,0.7369979,1.744501,0.7383366,0.07260963,0.02291819
180,information,57.5,1.762371,0.7438731,1.760003,0.7452643,0.07540438,0.02689795
180,information,58,1.778259,0.7501895,1.775829,0.7517229,0.07581596,0.02709357
180,information,58.5,1.793841,0.7565011,1.791134,0.7583058,0.07930989,0.02930247
180,information,59,1.809448,0.7634229,1.806903,0.7647647,0.0796451,0.03099338
180,information,59.5,1.825179,0.7700062,1.822646,0.7713619,0.08042902,0.02874678
180,information,60,1.841728,0.7762258,1.838702,0.7779005,0.08905806,0.02776831
720,cyclic,0,0,0,0,0,0,0
720,cyclic,0.5,0.03213855,0.009707954,0.01527247,0.006410404,0.0276363,0.009534814
720,cyclic,1,0.06267651,0.01829034,0.03049938,0.01284284,0.05356114,0.01748549
720,cyclic,1.5,0.0844202,0.02564935,0.0457411,0.01927724,0.06901396,0.02392002
720,cyclic,2,0.1036425,0.03250798,0.06102632,0.02565304,0.08049124,0.0310768
720,cyclic,2.5,0.1225337,0.03783653,0.07624841,0.03201158,0.09021621,0.03904437
720,cyclic,3,0.1348271,0.04633156,0.09143159,0.03825483,0.09304946,0.04364235
720,cyclic,3.5,0.1488841,0.0542476,0.1066472,0.0445932,0.09521821,0.05264475
720,cyclic,4,0.1632499,0.05830656,0.121905,0.05099684,0.09848078,0.05477463
720,cyclic,4.5,0.1754957,0.06577367,0.1372676,0.05745636,0.09746035,0.06010114
720,cyclic,5,0.1893241,0.06416668,0.1527123,0.06390394,0.1024579,0.04653131
720,cyclic,5.5,0.2120206,0.072058,0.1680744,0.0703371,0.1141882,0.06405236
720,cyclic,6,0.2211358,0.08044077,0.1834025,0.07677521,0.1099525,0.06259707
720,cyclic,6.5,0.2310083,0.08400689,0.1988303,0.08326939,0.1000323,0.06441705
720,cyclic,7,0.2450383,0.09228332,0.2142347,0.0896683,0.09795706,0.07257458
720,cyclic,7.5,0.2561857,0.09726384,0.2296007,0.09601903,0.09353605,0.06801076
720,cyclic,8,0.2681224,0.1067417,0.2449651,0.1023053,0.08699983,0.07394005
720,cyclic,8.5,0.2752634,0.1136419,0.2603664,0.1085584,0.07541894,0.05950964
720,cyclic,9,0.286896,0.1170052,0.2757498,0.1148796,0.06768536,0.04766434
720,cyclic,9.5,0.3023115,0.1248188,0.2911088,0.1211693,0.07041109,0.05173868
720,cyclic,10,0.3168252,0.1284348,0.3064616,0.1274675,0.07230009,0.03930143
720,cyclic,10.5,0.3302236,0.1330138,0.3219923,0.133774,0.06734942,0.02595488
720,cyclic,11,0.3446291,0.1389627,0.3375694,0.1401482,0.06282866,0.02415523
720,cyclic,11.5,0.3601373,0.1455722,0.3530401,0.1465721,0.06226051,0.03091122
720,cyclic,12,0.3746556,0.1525753,0.3684649,0.1530748,0.05986766,0.03028291
720,cyclic,12.5,0.3886411,0.1597609,0.3837954,0.159707,0.05413871,0.02952884
720,cyclic,13,0.403945,0.1653429,0.3991039,0.1663599,0.05587039,0.02165886
720,cyclic,13.5,0.4198941,0.1721881,0.4143989,0.1730399,0.06030105,0.02653833
720,cyclic,14,0.4354175,0.1793105,0.4297339,0.1797345,0.06368128,0.02747738
720,cyclic,14.5,0.4502161,0.1866104,0.4450514,0.1864073,0.06217002,0.02957035
720,cyclic,15,0.465464,0.1926624,0.4603387,0.1931168,0.05963971,0.03279248
720,cyclic,15.5,0.4809608,0.1988242,0.4755803,0.1997384,0.06373392,0.02788087
720,cyclic,16,0.495896,0.2063901,0.490906,0.2065756,0.0632039,0.03002857
720,cyclic,16.5,0.511597,0.2124121,0.5062194,0.21349,0.06591586,0.02699732
720,cyclic,17,0.5257685,0.2198169,0.5215089,0.2204256,0.05840928,0.02892482
720,cyclic,17.5,0.5404084,0.2271638,0.5365941,0.2274231,0.05823575,0.02522916
720,cyclic,18,0.5555441,0.2338376,0.551671,0.2343425,0.05866704,0.0255872
720,cyclic,18.5,0.5710772,0.2414627,0.566824,0.2413429,0.06349643,0.03013864
720,cyclic,19,0.5868374,0.2479806,0.58209,0.2482907,0.06769749,0.02938455
720,cyclic,19.5,0.6027263,0.2544861,0.5972465,0.2552674,0.07258058,0.03127755
720,cyclic,20,0.6167516,0.2617173,0.6122713,0.2623483,0.0680081,0.02443237
720,cyclic,20.5,0.6312709,0.2689022,0.6274303,0.2694148,0.0640926,0.02210608
720,cyclic,21,0.6456238,0.2759762,0.6424534,0.2763967,0.05846906,0.02162923
720,cyclic,21.5,0.6610944,0.2825799,0.6575992,0.2834505,0.05988622,0.02415933
720,cyclic,22,0.6770444,0.2895456,0.6726654,0.2904178,0.06886524,0.02689981
720,cyclic,22.5,0.6919493,0.2963924,0.6879177,0.2974453,0.06546844,0.02681336
720,cyclic,23,0.7065587,0.3028011,0.7027619,0.3043367,0.06219193,0.02507369
720,cyclic,23.5,0.7217508,0.3092156,0.7176488,0.3112373,0.06356898,0.02659038
720,cyclic,24,0.7364959,0.3161136,0.732592,0.3181753,0.06155332,0.02722315
720,cyclic,24.5,0.7508069,0.3235028,0.747492,0.3249472,0.06099863,0.01935985
720,cyclic,25,0.7662131,0.3299409,0.7624945,0.3318191,0.06349967,0.02228007
720,cyclic,25.5,0.7806321,0.337943,0.7774919,0.338577,0.06045742,0.02956443
720,cyclic,26,0.7959656,0.3444151,0.7925691,0.3452944,0.0618941,0.03225714
720,cyclic,26.5,0.8108169,0.3514974,0.8074938,0.3520958,0.06305526,0.03247441
720,cyclic,27,0.8256724,0.3585866,0.8225257,0.3591095,0.06171168,0.03279159
720,cyclic,27.5,0.8406072,0.3651828,0.8375213,0.3659301,0.06255546,0.02802899
720,cyclic,28,0.8554069,0.3719424,0.8522933,0.3726735,0.06370248,0.02794431
720,cyclic,28.5,0.8702709,0.3786802,0.8671669,0.3792223,0.06424343,0.03035544
720,cyclic,29,0.8849361,0.3856356,0.8818103,0.3859231,0.06626168,0.03113879
720,cyclic,29.5,0.8997277,0.3923722,0.8967794,0.3924001,0.0658009,0.03155819
720,cyclic,30,0.9149262,0.3995671,0.9115703,0.399552,0.07067259,0.03473714
720,cyclic,30.5,0.9293106,0.4058653,0.9261404,0.4058769,0.0701553,0.03165002
720,cyclic,31,0.9440719,0.4126246,0.9410351,0.4127973,0.06893856,0.02967675
720,cyclic,31.5,0.9588606,0.4185209,0.9557899,0.4191555,0.06818215,0.02763144
720,cyclic,32,0.973524,0.424938,0.9705327,0.425663,0.06302212,0.0363852
720,cyclic,32.5,0.9884022,0.4318709,0.9857082,0.4322016,0.06408891,0.03144635
720,cyclic,33,1.004044,0.4377821,1.00065,0.4386509,0.07318407,0.02761757
720,cyclic,33.5,1.01923,0.4441893,1.015929,0.4456017,0.06816114,0.03042608
720,cyclic,34,1.033547,0.4516663,1.030762,0.4521826,0.06782491,0.02727086
720,cyclic,34.5,1.04812,0.457787,1.045748,0.458682,0.05875375,0.02783025
720,cyclic,35,1.063688,0.4636411,1.060911,0.4650402,0.06215017,0.02907374
720,cyclic,35.5,1.079023,0.4705662,1.07636,0.4717289,0.06564216,0.0202924
720,cyclic,36,1.093392,0.4767065,1.091229,0.4776496,0.06028386,0.0157139
720,cyclic,36.5,1.108049,0.4836055,1.106178,0.483984,0.05881068,0.01880447
720,cyclic,37,1.123245,0.490428,1.121176,0.4905575,0.06260499,0.02521713
720,cyclic,37.5,1.138545,0.496759,1.136764,0.496809,0.05868968,0.02430613
720,cyclic,38,1.153527,0.5029889,1.15193,0.5031267,0.05588643,0.02119485
720,cyclic,38.5,1.168511,0.5092555,1.167193,0.5092731,0.05161618,0.02040115
720,cyclic,39,1.183652,0.5149551,1.182511,0.515319,0.04572039,0.01637061
720,cyclic,39.5,1.199066,0.5211449,1.198006,0.5216888,0.04307705,0.0124222
720,cyclic,40,1.214681,0.5274546,1.213722,0.5279706,0.04059079,0.01313893
720,cyclic,40.5,1.229536,0.5335393,1.228593,0.5340677,0.04093107,0.01057558
720,cyclic,41,1.244877,0.5399064,1.24392,0.5404237,0.04152526,0.01152778
720,cyclic,41.5,1.260969,0.5462427,1.25998,0.5467454,0.04277087,0.012213
720,cyclic,42,1.276419,0.5522951,1.275449,0.5527918,0.04268203,0.01175625
720,cyclic,42.5,1.291685,0.5583761,1.290748,0.5587781,0.04304407,0.01217538
720,cyclic,43,1.307001,0.5644623,1.306017,0.5648565,0.04452005,0.01317313
720,cyclic,43.5,1.322702,0.5704991,1.321555,0.5710153,0.04782409,0.01399029
720,cyclic,44,1.338152,0.5765128,1.336982,0.5770531,0.0482226,0.01495122
720,cyclic,44.5,1.353342,0.5827477,1.3521,0.5833649,0.04883066,0.01755573
720,cyclic,45,1.368801,0.5884017,1.367652,0.5889769,0.04736987,0.0163961
720,cyclic,45.5,1.384352,0.5942305,1.383123,0.5949762,0.04801603,0.01635387
720,cyclic,46,1.400019,0.6004941,1.39897,0.6011184,0.04522237,0.01373082
720,cyclic,46.5,1.415302,0.6059,1.414272,0.6064111,0.04659872,0.01277283
720,cyclic,47,1.431006,0.6118081,1.429893,0.6123383,0.0486972,0.01440174
720,cyclic,47.5,1.446158,0.6181136,1.445246,0.6186562,0.04369149,0.009726308
720,cyclic,48,1.461338,0.6243687,1.460454,0.6249599,0.0418841,0.01153677
720,cyclic,48.5,1.477126,0.6300524,1.476314,0.6303913,0.04299861,0.01230824
720,cyclic,49,1.492837,0.6360598,1.491997,0.6363846,0.04384556,0.01431538
720,cyclic,49.5,1.508688,0.6420991,1.507757,0.6425059,0.04592641,0.01455411
720,cyclic,50,1.524887,0.648283,1.523818,0.648766,0.04918311,0.01601892
720,cyclic,50.5,1.540796,0.6540096,1.539805,0.6544682,0.04808469,0.01349555
720,cyclic,51,1.556321,0.6600678,1.555315,0.6606675,0.0470527,0.01311309
720,cyclic,51.5,1.572539,0.6660254,1.571569,0.6666691,0.04498377,0.01488966
720,cyclic,52,1.588882,0.6721411,1.587782,0.6730044,0.04530687,0.01889919
720,cyclic,52.5,1.604595,0.6784827,1.603405,0.6794534,0.04689327,0.01963821
720,cyclic,53,1.620166,0.6848078,1.618977,0.6855624,0.05027964,0.01889848
720,cyclic,53.5,1.635506,0.691319,1.634431,0.691737,0.05140013,0.01845395
720,cyclic,54,1.650633,0.6980671,1.64962,0.6983106,0.05257457,0.01640965
720,cyclic,54.5,1.666816,0.704763,1.665992,0.7050435,0.04744661,0.01131533
720,cyclic,55,1.68297,0.7108238,1.682067,0.7111431,0.04904196,0.01458751
720,cyclic,55.5,1.698867,0.7162931,1.698013,0.716696,0.04599937,0.01586791
720,cyclic,56,1.714572,0.7227647,1.713829,0.7230399,0.04381388,0.0161888
720,cyclic,56.5,1.729996,0.7291249,1.729249,0.7293689,0.04425467,0.01740517
720,cyclic,57,1.745898,0.7358403,1.745029,0.7361318,0.04795386,0.01847087
720,cyclic,57.5,1.761345,0.7425021,1.7604,0.742819,0.04995092,0.0201301
720,cyclic,58,1.777508,0.7488427,1.776626,0.7489959,0.04883714,0.02366935
720,cyclic,58.5,1.792819,0.7551524,1.791826,0.7554058,0.05210567,0.02245671
720,cyclic,59,1.808287,0.7613477,1.807375,0.7617446,0.04890887,0.01869104
720,cyclic,59.5,1.823987,0.767867,1.8231,0.7682098,0.04908181,0.01849274
720,cyclic,60,1.839656,0.7743506,1.838801,0.7747166,0.04810216,0.01749501
720,random,0,0,0,0,0,0,0
720,random,0.5,0.03228484,0.009506365,0.01527247,0.006410404,0.02783764,0.009230527
720,random,1,0.06072426,0.01887208,0.03049938,0.01284284,0.05118221,0.01833203
720,random,1.5,0.08718564,0.0245025,0.04574112,0.01927718,0.07177913,0.02458426
720,random,2,0.106169,0.03666547,0.06102639,0.02565295,0.08377327,0.03526801
720,random,2.5,0.1282009,0.04457014,0.07624827,0.03201165,0.09931686,0.04194613
720,random,3,0.145326,0.04919099,0.09143182,0.0382551,0.108559,0.04452424
720,random,3.5,0.1592617,0.05551246,0.1066475,0.04459409,0.11265,0.04961908
720,random,4,0.1738761,0.06428178,0.121906,0.05099759,0.1162445,0.05906174
720,random,4.5,0.1873027,0.06774982,0.1372689,0.05745712,0.1177419,0.06156453
720,random,5,0.1999036,0.07159851,0.1527149,0.06390411,0.1193116,0.05977858
720,random,5.5,0.2157959,0.07718741,0.168076,0.07033394,0.1206259,0.07054832
720,random,6,0.2198814,0.07253891,0.1834086,0.07676736,0.1065866,0.05378964
720,random,6.5,0.2278669,0.08159329,0.1988373,0.08325893,0.1008455,0.04538035
720,random,7,0.2412719,0.08992992,0.2142494,0.08966634,0.1002608,0.04922628
720,random,7.5,0.2549603,0.09519281,0.2296059,0.09601384,0.09701171,0.05356227
720,random,8,0.2691407,0.1015712,0.2449551,0.1022952,0.09668828,0.05567631
720,random,8.5,0.2789863,0.1082903,0.2603621,0.1085493,0.08668191,0.05107131
720,random,9,0.2906125,0.1130592,0.2757396,0.1148672,0.07855423,0.04426106
720,random,9.5,0.3061627,0.1178078,0.2911007,0.1211561,0.08019672,0.04358156
720,random,10,0.3181939,0.124956,0.3064593,0.1274619,0.07499286,0.03410795
720,random,10.5,0.3323996,0.130809,0.3219774,0.133799,0.06976399,0.03556171
720,random,11,0.3453666,0.1392498,0.3375286,0.1401524,0.0659457,0.02836104
720,random,11.5,0.3615084,0.1446529,0.3529939,0.1465357,0.06917005,0.02862308
720,random,12,0.3752508,0.1512022,0.3683903,0.1529975,0.06329971,0.02462536
720,random,12.5,0.3888462,0.1577919,0.3836959,0.1596312,0.05504706,0.0203645
720,random,13,0.4048173,0.1642909,0.3989815,0.1663116,0.05979485,0.02249643
720,random,13.5,0.419569,0.171054,0.414264,0.1729881,0.05729467,0.02313916
720,random,14,0.4342657,0.1779261,0.4296266,0.1797314,0.05455638,0.02097499
720,random,14.5,0.4496458,0.1853143,0.4449192,0.1864107,0.05847566,0.02106783
720,random,15,0.4650567,0.1921279,0.4602682,0.1930872,0.05928232,0.02439772
720,random,15.5,0.4802684,0.1990053,0.4755427,0.1998636,0.06042313,0.02385711
720,random,16,0.4952431,0.2065123,0.4908732,0.2068105,0.06016626,0.02454119
720,random,16.5,0.5112828,0.2135252,0.506198,0.2138086,0.06440277,0.03096547
720,random,17,0.5271576,0.2195409,0.5214444,0.2209246,0.06641073,0.03246848
720,random,17.5,0.5417533,0.2266711,0.5366066,0.2279495,0.06257056,0.03376081
720,random,18,0.5563418,0.2346421,0.5518961,0.2348523,0.05943221,0.03700553
720,random,18.5,0.5721414,0.2418138,0.5669966,0.2418063,0.066129,0.03961716
720,random,19,0.5879059,0.2468161,0.5822684,0.2488205,0.06582977,0.03726938
720,random,19.5,0.6035344,0.2540674,0.5972836,0.2558388,0.07259031,0.03809406
720,random,20,0.6176434,0.2610485,0.6124927,0.2627667,0.06385901,0.0384307
720,random,20.5,0.6328054,0.2679944,0.6276272,0.2699442,0.06142541,0.043008
720,random,21,0.6463975,0.2767562,0.6426928,0.2770135,0.05902113,0.03489558
720,random,21.5,0.6608298,0.2834249,0.6577898,0.2841496,0.05331477,0.02856773
720,random,22,0.676204,0.2901477,0.6727148,0.2910912,0.05789006,0.02963568
720,random,22.5,0.691493,0.2966315,0.6877903,0.2981479,0.05973378,0.0267986
720,random,23,0.70621,0.3033652,0.7026427,0.3051373,0.05612066,0.02994579
720,random,23.5,0.721286,0.3096504,0.717509,0.3119385,0.05594412,0.03167929
720,random,24,0.7359953,0.3165203,0.7323682,0.3188054,0.0559184,0.02937784
720,random,24.5,0.7506883,0.3239622,0.7472786,0.3257082,0.0567814,0.02912656
720,random,25,0.7663149,0.3304584,0.7623223,0.332522,0.06357909,0.02830558
720,random,25.5,0.7805176,0.3384463,0.7772902,0.3392079,0.0636453,0.02263267
720,random,26,0.7954851,0.3449223,0.7923835,0.3458288,0.06269972,0.02048913
720,random,26.5,0.8101211,0.3521519,0.8074964,0.3527364,0.05798105,0.02276869
720,random,27,0.8250701,0.3591624,0.8223716,0.3596221,0.05882268,0.02658715
720,random,27.5,0.8403534,0.3652469,0.8372637,0.3662601,0.0620515,0.02572614
720,random,28,0.855083,0.3718023,0.852115,0.3730232,0.06020074,0.02468525
720,random,28.5,0.8696237,0.3783793,0.8669296,0.3795495,0.05923814,0.01854763
720,random,29,0.8848273,0.3850339,0.8817443,0.3862339,0.06453811,0.02056806
720,random,29.5,0.8995151,0.3916405,0.8964761,0.3926247,0.06436433,0.02474974
720,random,30,0.9147005,0.3988619,0.9116696,0.3995042,0.06668979,0.02514834
720,random,30.5,0.9290109,0.4059268,0.9263751,0.4063178,0.06465112,0.02074972
720,random,31,0.9443174,0.4126456,0.9413064,0.4130613,0.06934192,0.02391186
720,random,31.5,0.9595107,0.4187142,0.9559192,0.419833,0.07437884,0.02190457
720,random,32,0.9747187,0.4250849,0.9707677,0.4262369,0.07757988,0.02783728
720,random,32.5,0.9894736,0.4317545,0.9857148,0.4328043,0.07592149,0.02898297
720,random,33,1.004065,0.4388054,1.00057,0.4392513,0.0763312,0.02914354
720,random,33.5,1.018931,0.4456653,1.015644,0.4460421,0.07326666,0.03246315
720,random,34,1.033422,0.4519042,1.030572,0.4522523,0.07076335,0.02466692
720,random,34.5,1.047738,0.4584819,1.045464,0.4590355,0.06213549,0.02092293
720,random,35,1.062541,0.4651528,1.060568,0.4657061,0.05713771,0.02139305
720,random,35.5,1.077608,0.4717349,1.075651,0.4724474,0.05630849,0.0206605
720,random,36,1.092943,0.4781656,1.091053,0.4791451,0.05348868,0.01988851
720,random,36.5,1.107542,0.4846877,1.106192,0.4853621,0.0452364,0.01842311
720,random,37,1.122609,0.4907838,1.121282,0.4913685,0.04543538,0.01969564
720,random,37.5,1.13776,0.4975091,1.136499,0.4978425,0.04761391,0.01733771
720,random,38,1.152835,0.5035675,1.151838,0.5039207,0.04272838,0.01185432
720,random,38.5,1.168048,0.5099435,1.167192,0.510171,0.03969445,0.01460182
720,random,39,1.183446,0.5161154,1.182554,0.5163539,0.04034585,0.01618621
720,random,39.5,1.198504,0.5220456,1.19774,0.5222849,0.03771975,0.01341427
720,random,40,1.214256,0.5280682,1.213467,0.5283729,0.03792718,0.01342619
720,random,40.5,1.229349,0.5346468,1.228472,0.5349826,0.04018933,0.01441714
720,random,41,1.244738,0.5407948,1.243742,0.5411992,0.04340997,0.01375076
720,random,41.5,1.260193,0.5469978,1.259152,0.5474551,0.0444566,0.01337272
720,random,42,1.275744,0.5533568,1.274664,0.5537667,0.04583969,0.01527975
720,random,42.5,1.291135,0.5595373,1.289963,0.5599548,0.04819746,0.01647897
720,random,43,1.306466,0.5657424,1.305514,0.5659945,0.04478595,0.01484127
720,random,43.5,1.321704,0.5716491,1.32083,0.5718194,0.04340206,0.01593595
720,random,44,1.33695,0.5776064,1.336102,0.5778457,0.04291936,0.01298818
720,random,44.5,1.352626,0.5837059,1.351769,0.5839483,0.0439303,0.01110959
720,random,45,1.368364,0.5897619,1.367601,0.5899226,0.04255502,0.01014299
720,random,45.5,1.384067,0.5957724,1.383251,0.595947,0.04385663,0.01197356
720,random,46,1.399867,0.6019579,1.398976,0.6021038,0.0463884,0.01365139
720,random,46.5,1.415547,0.6078427,1.414661,0.6079643,0.04666087,0.01415557
720,random,47,1.431141,0.6136667,1.430257,0.6139017,0.04584344,0.01271023
720,random,47.5,1.446599,0.6200494,1.445783,0.6202973,0.04310754,0.01483661
720,random,48,1.461623,0.6264986,1.460758,0.6267608,0.04494681,0.01431636
720,random,48.5,1.477223,0.6322534,1.476393,0.6325503,0.04368984,0.01404678
720,random,49,1.493204,0.6381644,1.492354,0.6385737,0.04333566,0.01302511
720,random,49.5,1.508968,0.6443065,1.50815,0.644611,0.04342951,0.01485783
720,random,50,1.525063,0.6504187,1.524134,0.650683,0.04766586,0.01571342
720,random,50.5,1.541017,0.6561387,1.540015,0.6566539,0.04757959,0.0138938
720,random,51,1.556736,0.6617434,1.555896,0.6620889,0.04457084,0.01420564
720,random,51.5,1.573033,0.6680683,1.572207,0.6683234,0.04441468,0.01779034
720,random,52,1.589191,0.6746864,1.588366,0.6749261,0.04420558,0.01950013
720,random,52.5,1.604946,0.6812396,1.604159,0.6815768,0.0425035,0.01721596
720,random,53,1.620695,0.6876977,1.619925,0.6880349,0.04214271,0.01716968
720,random,53.5,1.636151,0.6932591,1.635246,0.6935362,0.04709457,0.0199167
720,random,54,1.651721,0.69963,1.650764,0.7000351,0.04790199,0.01852866
720,random,54.5,1.66731,0.706488,1.666442,0.7067728,0.04630828,0.01969191
720,random,55,1.682934,0.7129351,1.681934,0.7133748,0.04902108,0.01964026
720,random,55.5,1.698783,0.718891,1.697713,0.7194588,0.05028732,0.01871044
720,random,56,1.714724,0.725252,1.713591,0.7259295,0.05115695,0.01878848
720,random,56.5,1.729788,0.7318791,1.7287,0.7323137,0.0519077,0.02211394
720,random,57,1.745122,0.738478,1.744051,0.7390208,0.05097343,0.01989676
720,random,57.5,1.760786,0.7452508,1.759744,0.7457023,0.05129604,0.02046005
720,random,58,1.776674,0.7514788,1.775413,0.7521417,0.05559756,0.02149807
720,random,58.5,1.791871,0.7579835,1.790718,0.7587179,0.05163928,0.02067541
720,random,59,1.807408,0.7646017,1.806256,0.7654425,0.05001046,0.02153539
720,random,59.5,1.82297,0.7711303,1.821827,0.772038,0.04781059,0.02404047
720,random,60,1.839127,0.7777804,1.837753,0.7789211,0.05312989,0.02388423
720,geometry,0,0,0,0,0,0,0
720,geometry,0.5,0.03222274,0.009219364,0.01527247,0.006410404,0.02782818,0.008727266
720,geometry,1,0.06077382,0.01749562,0.03049939,0.01284285,0.05135886,0.01653105
720,geometry,1.5,0.0852191,0.02408826,0.04574112,0.0192772,0.06956648,0.02359195
720,geometry,2,0.1026884,0.02969569,0.0610265,0.02565302,0.07852333,0.03021559
720,geometry,2.5,0.1196694,0.0397328,0.07624832,0.03201151,0.08746453,0.03815723
720,geometry,3,0.1333115,0.04344526,0.09143151,0.03825519,0.09136567,0.03930148
720,geometry,3.5,0.1493096,0.05124054,0.1066478,0.04459418,0.09595061,0.04939838
720,geometry,4,0.1667938,0.05925727,0.1219051,0.05099703,0.103668,0.05691565
720,geometry,4.5,0.1773167,0.06129541,0.1372699,0.05745653,0.1031331,0.05020826
720,geometry,5,0.1885582,0.05829342,0.1527129,0.06390368,0.1029875,0.03204039
720,geometry,5.5,0.2025819,0.06745535,0.1680709,0.07033182,0.09936455,0.05172585
720,geometry,6,0.2124135,0.075212,0.1834033,0.0767671,0.09159094,0.05495739
720,geometry,6.5,0.2311194,0.08186528,0.1988332,0.0832568,0.1003012,0.06158373
720,geometry,7,0.2440891,0.08266176,0.2142362,0.08966763,0.09830847,0.05497214
720,geometry,7.5,0.2571618,0.08498637,0.2296023,0.09601463,0.09469375,0.05182711
720,geometry,8,0.2596571,0.09668679,0.2449583,0.1022837,0.0709651,0.03732155
720,geometry,8.5,0.2694498,0.1068479,0.2603615,0.1085473,0.06260612,0.02401377
720,geometry,9,0.2858049,0.1089111,0.2757263,0.1148717,0.06156551,0.02517171
720,geometry,9.5,0.299676,0.1177372,0.2910907,0.1211619,0.06247854,0.02028897
720,geometry,10,0.3173021,0.1228428,0.3064347,0.1274677,0.06811297,0.03307523
720,geometry,10.5,0.3326062,0.1302122,0.3219697,0.1337944,0.07146833,0.03172674
720,geometry,11,0.3469511,0.1365998,0.3375482,0.1401537,0.06832623,0.02961971
720,geometry,11.5,0.3612259,0.1445687,0.3530428,0.1465756,0.06533063,0.03279552
720,geometry,12,0.3750775,0.1516172,0.3684245,0.1530718,0.06235131,0.02591066
720,geometry,12.5,0.390289,0.1582326,0.3837116,0.1596781,0.06290609,0.02708977
720,geometry,13,0.4046531,0.1645453,0.3989898,0.1663063,0.05785172,0.02617593
720,geometry,13.5,0.4197354,0.1713653,0.4142753,0.1730266,0.05737943,0.02748871
720,geometry,14,0.4341649,0.1786549,0.4296424,0.1796767,0.05508208,0.02349974
720,geometry,14.5,0.4492801,0.1853876,0.4449009,0.1864232,0.05648951,0.01943752
720,geometry,15,0.4639634,0.1924801,0.4602089,0.1930931,0.05354949,0.01994119
720,geometry,15.5,0.4797733,0.1990882,0.4755055,0.1998433,0.05717205,0.02344451
720,geometry,16,0.4949794,0.2056273,0.4907481,0.2067744,0.05798281,0.0194541
720,geometry,16.5,0.5104146,0.2123755,0.5061165,0.2136995,0.05823835,0.0215588
720,geometry,17,0.5258019,0.2192763,0.521441,0.2207786,0.06011722,0.01849184
720,geometry,17.5,0.5418417,0.2255967,0.5366525,0.2278126,0.06441373,0.02277963
720,geometry,18,0.5566724,0.2336129,0.5518699,0.2348323,0.06589497,0.02149655
720,geometry,18.5,0.5721238,0.2401502,0.5670125,0.2417244,0.06684087,0.025837
720,geometry,19,0.5868716,0.2473787,0.5822454,0.2487206,0.06216985,0.03096776
720,geometry,19.5,0.6018555,0.2552939,0.5974552,0.2555988,0.06534539,0.0300757
720,geometry,20,0.6168983,0.2614289,0.6125279,0.2625115,0.06370319,0.028583
720,geometry,20.5,0.6321819,0.2679635,0.6276305,0.2695435,0.06391318,0.02977486
720,geometry,21,0.6467326,0.2750722,0.6425917,0.276545,0.06353352,0.02363261
720,geometry,21.5,0.6611405,0.282201,0.6576087,0.2836246,0.05854525,0.02212027
720,geometry,22,0.676617,0.2884171,0.6727035,0.290717,0.05846517,0.02506885
720,geometry,22.5,0.6913465,0.2954559,0.6876934,0.2978833,0.05635002,0.02280815
720,geometry,23,0.7060763,0.3026939,0.7025783,0.3048149,0.05625732,0.023808
720,geometry,23.5,0.7215232,0.309415,0.7175855,0.3116771,0.05975143,0.02831732
720,geometry,24,0.7366424,0.315733,0.7324655,0.318608,0.06132649,0.0260131
720,geometry,24.5,0.7509099,0.3231288,0.7474645,0.3254596,0.05609396,0.0247064
720,geometry,25,0.765856,0.3295227,0.7623009,0.3323197,0.05593742,0.02395608
720,geometry,25.5,0.7806069,0.3370258,0.7772291,0.3389159,0.05982502,0.02222627
720,geometry,26,0.79555,0.3442364,0.7923336,0.3456167,0.06220881,0.01871372
720,geometry,26.5,0.8102377,0.3514105,0.8073955,0.3524842,0.05980258,0.01786926
720,geometry,27,0.8251756,0.358303,0.822329,0.3591224,0.06065618,0.02181667
720,geometry,27.5,0.83998,0.3650331,0.8372343,0.3658912,0.0597916,0.0213803
720,geometry,28,0.8547575,0.3716995,0.8519827,0.3725011,0.05899629,0.02692329
720,geometry,28.5,0.8691858,0.3784973,0.8666721,0.3790013,0.05855148,0.02454651
720,geometry,29,0.8844263,0.3850752,0.8816263,0.3858716,0.06124318,0.02536085
720,geometry,29.5,0.8993012,0.3916413,0.8962937,0.3925462,0.06360709,0.02676009
720,geometry,30,0.913748,0.3986521,0.9111797,0.3991755,0.06146037,0.02323555
720,geometry,30.5,0.9285767,0.4053188,0.9262099,0.405474,0.06070431,0.024821
720,geometry,31,0.9440889,0.4118249,0.94135,0.4120177,0.06489008,0.02906459
720,geometry,31.5,0.9597433,0.4170723,0.9560601,0.4183005,0.07055929,0.03407392
720,geometry,32,0.9742826,0.4236561,0.9709175,0.4249999,0.06656466,0.0329514
720,geometry,32.5,0.9887192,0.4307319,0.9858363,0.4315632,0.06608095,0.02605418
720,geometry,33,1.003938,0.4370043,1.000564,0.438365,0.06928179,0.02959613
720,geometry,33.5,1.018671,0.443797,1.015524,0.4449387,0.0685772,0.02779411
720,geometry,34,1.034071,0.4498417,1.030587,0.4513203,0.07194524,0.02813269
720,geometry,34.5,1.04829,0.4569687,1.04599,0.4578615,0.05968838,0.02239303
720,geometry,35,1.063024,0.4636661,1.060967,0.4644095,0.05782369,0.01975748
720,geometry,35.5,1.07769,0.4709069,1.076116,0.4712761,0.05143884,0.02086666
720,geometry,36,1.093025,0.477515,1.091456,0.477878,0.05254791,0.01878447
720,geometry,36.5,1.10797,0.4841056,1.106614,0.484444,0.04870457,0.01833973
720,geometry,37,1.123086,0.4903721,1.121799,0.4907408,0.04858743,0.01395183
720,geometry,37.5,1.138241,0.4970254,1.137172,0.4972785,0.04447818,0.01507651
720,geometry,38,1.153548,0.5032037,1.152579,0.5035715,0.04075741,0.01532417
720,geometry,38.5,1.168787,0.5093411,1.168011,0.5095377,0.03825135,0.01301608
720,geometry,39,1.184236,0.5159672,1.183382,0.5159847,0.04101682,0.0184502
720,geometry,39.5,1.199633,0.521886,1.198797,0.5219484,0.04196639,0.01387486
720,geometry,40,1.214744,0.5278718,1.214085,0.5279148,0.0365985,0.01513569
720,geometry,40.5,1.230371,0.5341871,1.229747,0.5342308,0.03544377,0.01564554
720,geometry,41,1.246055,0.5399068,1.245289,0.5400746,0.03904337,0.01499272
720,geometry,41.5,1.261191,0.5463994,1.260423,0.5466602,0.03875806,0.01311973
720,geometry,42,1.276647,0.5528411,1.275832,0.5530912,0.0403479,0.01413476
720,geometry,42.5,1.292099,0.5592186,1.291284,0.559428,0.04105142,0.01443528
720,geometry,43,1.307556,0.5652083,1.306699,0.5654118,0.04279358,0.01418013
720,geometry,43.5,1.323173,0.5713612,1.322264,0.5715686,0.04435701,0.0148778
720,geometry,44,1.338501,0.5772202,1.337445,0.5775765,0.04718562,0.01480561
720,geometry,44.5,1.354188,0.583169,1.35293,0.5835741,0.05253165,0.01444553
720,geometry,45,1.370075,0.5891019,1.368874,0.5895676,0.05057156,0.01486142
720,geometry,45.5,1.385556,0.5949522,1.384265,0.5953873,0.0530661,0.01675861
720,geometry,46,1.401345,0.60118,1.400114,0.6015189,0.05224681,0.01868456
720,geometry,46.5,1.416445,0.6071053,1.415291,0.6073926,0.0505491,0.02004089
720,geometry,47,1.432443,0.6128825,1.431159,0.6133244,0.05316396,0.01877091
720,geometry,47.5,1.447903,0.6187695,1.446626,0.6191696,0.0535032,0.01955181
720,geometry,48,1.463529,0.6253083,1.462227,0.6257186,0.05294871,0.02334828
720,geometry,48.5,1.479412,0.6309036,1.477851,0.6314885,0.05673916,0.02703931
720,geometry,49,1.495601,0.6368734,1.494071,0.6375809,0.05541932,0.02607908
720,geometry,49.5,1.511074,0.6440118,1.509776,0.6446001,0.05203634,0.02274785
720,geometry,50,1.526945,0.6499166,1.525566,0.6505187,0.05460701,0.02257653
720,geometry,50.5,1.5433,0.6560218,1.541908,0.6567033,0.05492616,0.02120474
720,geometry,51,1.558735,0.6619726,1.557174,0.6628139,0.057124,0.0238646
720,geometry,51.5,1.574288,0.667953,1.572809,0.6685992,0.05803717,0.0221399
720,geometry,52,1.590272,0.6743319,1.588856,0.6749134,0.05793961,0.02049534
720,geometry,52.5,1.605671,0.6808564,1.604352,0.6813879,0.05734185,0.01650426
720,geometry,53,1.621327,0.6878556,1.619982,0.6884053,0.05837855,0.01556665
720,geometry,53.5,1.636919,0.694154,1.63538,0.6948079,0.06172266,0.01954745
720,geometry,54,1.652626,0.7004661,1.651096,0.7011459,0.06093754,0.02140933
720,geometry,54.5,1.668622,0.7067368,1.667032,0.7075638,0.0604156,0.02388809
720,geometry,55,1.68452,0.7131919,1.682918,0.7139351,0.06155823,0.02508629
720,geometry,55.5,1.699965,0.7193171,1.698566,0.7199762,0.05818655,0.02218744
720,geometry,56,1.716001,0.7259573,1.714447,0.7266165,0.062193,0.02408827
720,geometry,56.5,1.731134,0.7325719,1.729788,0.7331626,0.05760869,0.02328007
720,geometry,57,1.746903,0.739007,1.745619,0.7395863,0.05633027,0.02291474
720,geometry,57.5,1.762006,0.7458017,1.760705,0.7461389,0.0598982,0.0233084
720,geometry,58,1.777442,0.751868,1.776224,0.7521976,0.05926156,0.0191488
720,geometry,58.5,1.792745,0.7580756,1.791689,0.758364,0.05532607,0.0180963
720,geometry,59,1.808187,0.7645159,1.807009,0.765122,0.05505011,0.0191879
720,geometry,59.5,1.823954,0.7708401,1.822828,0.7715319,0.05278875,0.01791472
720,geometry,60,1.839599,0.7773571,1.838493,0.7781165,0.05090848,0.01934278
720,information,0,0,0,0,0,0,0
720,information,0.5,0.03281802,0.009595338,0.01527247,0.006410403,0.02847076,0.009268999
720,information,1,0.0608804,0.01788185,0.03049938,0.01284285,0.05152367,0.01681487
720,information,1.5,0.08928346,0.02653597,0.04574115,0.01927721,0.0748381,0.02501498
720,information,2,0.1032401,0.03127393,0.0610266,0.02565307,0.07994659,0.02985582
720,information,2.5,0.1204903,0.0380276,0.07624836,0.0320117,0.08858456,0.03637742
720,information,3,0.1411528,0.04969135,0.09143161,0.03825528,0.1020771,0.04701751
720,information,3.5,0.1588818,0.05796397,0.1066469,0.04459324,0.1097077,0.05746187
720,information,4,0.1761596,0.06626848,0.121905,0.05099662,0.1172239,0.06594462
720,information,4.5,0.1914487,0.07000493,0.1372686,0.05745622,0.12435,0.06379655
720,information,5,0.2064572,0.06778335,0.1527136,0.06390283,0.1297072,0.05586314
720,information,5.5,0.2171769,0.07201921,0.1680691,0.07033259,0.1264957,0.05754173
720,information,6,0.2207772,0.07373776,0.1834014,0.07676663,0.1134666,0.04351341
720,information,6.5,0.2329386,0.07359366,0.198831,0.08325546,0.1092268,0.03778674
720,information,7,0.2436085,0.07760132,0.2142318,0.08966209,0.1005157,0.03879733
720,information,7.5,0.2543248,0.08356033,0.2295975,0.09600727,0.09296257,0.03555163
720,information,8,0.2596126,0.1013834,0.2449573,0.1022786,0.07532563,0.04036022
720,information,8.5,0.2753317,0.107092,0.2603737,0.1085309,0.07622843,0.04481045
720,information,9,0.2878121,0.1119198,0.2757237,0.1148557,0.06990794,0.03688724
720,information,9.5,0.3039588,0.1176513,0.2910635,0.1211149,0.0719902,0.0423611
720,information,10,0.3183096,0.1239094,0.3064313,0.1274236,0.06991573,0.04222143
720,information,10.5,0.334138,0.1302945,0.3219653,0.1337315,0.07382613,0.04197973
720,information,11,0.3470176,0.138196,0.337504,0.140081,0.06929629,0.0357171
720,information,11.5,0.3618086,0.1449552,0.3530156,0.1465058,0.06970152,0.03240812
720,information,12,0.3771791,0.1503318,0.3684245,0.1529981,0.06846416,0.03358811
720,information,12.5,0.3915592,0.1565231,0.383758,0.1596097,0.06446864,0.0318749
720,information,13,0.4058966,0.1630743,0.3990496,0.1662881,0.06161933,0.02731778
720,information,13.5,0.4208666,0.1712726,0.4143783,0.1729537,0.06267994,0.03146903
720,information,14,0.4357668,0.177591,0.4297521,0.1796643,0.06093828,0.0288141
720,information,14.5,0.4510388,0.1852914,0.444975,0.1863922,0.06467794,0.03011077
720,information,15,0.4656616,0.1915873,0.4603252,0.1930639,0.06248014,0.02289741
720,information,15.5,0.4812177,0.1972504,0.475629,0.1997645,0.06195544,0.02429791
720,information,16,0.4951381,0.2054335,0.4908937,0.2066029,0.05789669,0.01987606
720,information,16.5,0.5110328,0.2118273,0.5062393,0.2135189,0.06101817,0.02223189
720,information,17,0.5257005,0.2191398,0.5215595,0.2206296,0.05744733,0.02087995
720,information,17.5,0.5406128,0.2262296,0.5367668,0.2275983,0.055756,0.0216357
720,information,18,0.5558078,0.2329982,0.5520147,0.234619,0.05569293,0.0200104
720,information,18.5,0.5705767,0.2397654,0.5671356,0.2415167,0.0542128,0.01358299
720,information,19,0.5864871,0.2462298,0.5823403,0.2485609,0.05766217,0.02118162
720,information,19.5,0.6017731,0.2532475,0.5975549,0.2554715,0.05596288,0.02995355
720,information,20,0.6169763,0.2602371,0.6127442,0.2625246,0.05729571,0.02875459
720,information,20.5,0.6317559,0.2679692,0.627883,0.2696192,0.05695188,0.02887736
720,information,21,0.6465225,0.2756049,0.6429826,0.2766683,0.05823861,0.02544451
720,information,21.5,0.6617181,0.2824642,0.6580561,0.2837568,0.05886163,0.02661627
720,information,22,0.676415,0.289726,0.6730685,0.2908812,0.05762272,0.02424682
720,information,22.5,0.6914714,0.2966062,0.6880374,0.2978668,0.05836087,0.02553375
720,information,23,0.7061189,0.3035887,0.703058,0.3049436,0.05416391,0.02505413
720,information,23.5,0.7209327,0.3104452,0.7180096,0.3118075,0.05252912,0.02598536
720,information,24,0.7354098,0.3172034,0.7328774,0.318659,0.04955258,0.02009453
720,information,24.5,0.7500359,0.3242959,0.7477362,0.3255764,0.04770912,0.01993775
720,information,25,0.7650155,0.3314697,0.7627315,0.3324513,0.04887346,0.02251529
720,information,25.5,0.7797494,0.338457,0.7777333,0.3391041,0.04800359,0.02100761
720,information,26,0.7949883,0.3449704,0.7927868,0.3458443,0.04848781,0.02451361
720,information,26.5,0.8098437,0.3519258,0.8076609,0.3524879,0.05116909,0.02375978
720,information,27,0.8249564,0.3586358,0.8226801,0.3591986,0.05284952,0.02457307
720,information,27.5,0.8399501,0.365139,0.8375274,0.3659405,0.05426106,0.02434851
720,information,28,0.8545187,0.3715899,0.8523804,0.3724877,0.05145686,0.01966468
720,information,28.5,0.8691501,0.3779606,0.8671573,0.3789554,0.04899441,0.0190393
720,information,29,0.8839461,0.3845407,0.8817224,0.3857326,0.05232623,0.01824448
720,information,29.5,0.8985372,0.3912546,0.896447,0.3922921,0.05169694,0.01798223
720,information,30,0.9136401,0.3981625,0.9113045,0.3992964,0.05531194,0.01902617
720,information,30.5,0.9281202,0.4049353,0.9260664,0.4059009,0.05223401,0.01880272
720,information,31,0.9437854,0.4101606,0.9408601,0.4122809,0.05837874,0.02172547
720,information,31.5,0.9593879,0.4152794,0.9555865,0.4184983,0.06522441,0.02237528
720,information,32,0.9746625,0.4218943,0.9706414,0.425384,0.06610346,0.02603076
720,information,32.5,0.9893516,0.4299441,0.9856349,0.4321629,0.06810478,0.0305236
720,information,33,1.004962,0.4364541,1.00035,0.4391482,0.07848944,0.02988492
720,information,33.5,1.018395,0.4448205,1.015532,0.4458315,0.06811277,0.018602
720,information,34,1.033847,0.4506456,1.030881,0.4521783,0.06546599,0.02347788
720,information,34.5,1.048047,0.4576627,1.046189,0.4586099,0.05310178,0.01608983
720,information,35,1.062971,0.4639565,1.060935,0.4654798,0.05214374,0.01654993
720,information,35.5,1.077922,0.4710416,1.076102,0.4724048,0.0497729,0.01530002
720,information,36,1.093186,0.4779477,1.0914,0.4790025,0.051428,0.01773476
720,information,36.5,1.107916,0.4845747,1.10631,0.4853882,0.0500709,0.01781337
720,information,37,1.122726,0.4909857,1.121335,0.4917035,0.04731136,0.0149694
720,information,37.5,1.137645,0.4975679,1.13648,0.4980636,0.0444052,0.0148171
720,information,38,1.153054,0.5036001,1.151764,0.5041228,0.04749292,0.01508452
720,information,38.5,1.168298,0.5099347,1.167191,0.5102564,0.04541022,0.01484891
720,information,39,1.1836,0.5159699,1.182513,0.5164672,0.04319485,0.01519901
720,information,39.5,1.199101,0.5220541,1.197983,0.5225946,0.04413812,0.01431325
720,information,40,1.214523,0.5281804,1.213403,0.5288173,0.04379411,0.01307444
720,information,40.5,1.229851,0.534257,1.228776,0.5349376,0.04173006,0.01486115
720,information,41,1.244976,0.5410654,1.243993,0.54159,0.04136818,0.0142803
720,information,41.5,1.260527,0.547259,1.259594,0.5477565,0.04051608,0.01427738
720,information,42,1.275931,0.55332,1.274906,0.5538477,0.04335202,0.01382795
720,information,42.5,1.291153,0.5597329,1.290139,0.5602173,0.04390216,0.01348376
720,information,43,1.30647,0.565763,1.305514,0.5662503,0.04315742,0.0107643
720,information,43.5,1.322006,0.572286,1.321221,0.5725425,0.04139408,0.009371983
720,information,44,1.337595,0.5781743,1.336675,0.5785035,0.04413573,0.01251073
720,information,44.5,1.35299,0.58433,1.352043,0.5847181,0.04483838,0.01124001
720,information,45,1.368531,0.5905489,1.367685,0.5907969,0.04320846,0.01343678
720,information,45.5,1.384073,0.5965748,1.383206,0.5967524,0.04483076,0.01404212
720,information,46,1.400128,0.6025324,1.399061,0.602876,0.04954144,0.01208894
720,information,46.5,1.415215,0.6084009,1.414314,0.6086556,0.04609685,0.01166413
720,information,47,1.430546,0.6146125,1.429657,0.6148041,0.04665029,0.01236801
720,information,47.5,1.445994,0.6205596,1.444905,0.6209069,0.05091405,0.01249046
720,information,48,1.461016,0.6269549,1.459822,0.627458,0.05187244,0.01443387
720,information,48.5,1.476426,0.6322495,1.475296,0.6326404,0.05061033,0.01785197
720,information,49,1.492371,0.6384371,1.491275,0.6388549,0.04994803,0.01685668
720,information,49.5,1.507872,0.644457,1.506821,0.6448567,0.04944993,0.01576637
720,information,50,1.523623,0.6504282,1.522605,0.6508306,0.04772625,0.01851852
720,information,50.5,1.540107,0.6565876,1.538967,0.6571168,0.04978118,0.01983397
720,information,51,1.556033,0.6622071,1.55468,0.6628051,0.05400894,0.02382623
720,information,51.5,1.572352,0.6682205,1.570833,0.6688126,0.05876147,0.02450036
720,information,52,1.587895,0.674236,1.586584,0.6747231,0.05585354,0.0209846
720,information,52.5,1.603561,0.6811225,1.602363,0.681568,0.05008384,0.0282284
720,information,53,1.619732,0.6876722,1.618474,0.6880671,0.0518736,0.0302218
720,information,53.5,1.635339,0.6944379,1.634093,0.6948706,0.05203598,0.02893389
720,information,54,1.651263,0.7001635,1.649926,0.7008379,0.05471176,0.02347633
720,information,54.5,1.667027,0.70691,1.665896,0.7073873,0.05070714,0.02422915
720,information,55,1.683217,0.7132732,1.681991,0.7138699,0.0520805,0.02521606
720,information,55.5,1.69914,0.7190908,1.697802,0.7197966,0.05424117,0.02591891
720,information,56,1.715016,0.7257458,1.713638,0.7262967,0.05669459,0.02810775
720,information,56.5,1.730518,0.7318368,1.729133,0.7323351,0.05904754,0.0254209
720,information,57,1.745659,0.7383144,1.74443,0.7387484,0.05745832,0.01996075
720,information,57.5,1.760977,0.7452348,1.759821,0.7455538,0.05834173,0.01496658
720,information,58,1.776971,0.7516407,1.775579,0.7522347,0.06213114,0.01578707
720,information,58.5,1.792111,0.757975,1.790771,0.7585593,0.06083167,0.01650513
720,information,59,1.807739,0.7645513,1.806408,0.7652328,0.05910501,0.01852411
720,information,59.5,1.823551,0.770955,1.82195,0.7716905,0.06693676,0.01709804
720,information,60,1.839206,0.7774519,1.837613,0.7782932,0.06627021,0.0152794
