design_id,sensor_condition,q_treatment,range_condition,update,schedule,timing,budget,n_seeds,sources,mean_fleet_rmse_m,std_fleet_rmse_m,p95_fleet_rmse_m,mean_worst_node_rmse_m,std_worst_node_rmse_m,p95_worst_node_rmse_m,mean_centroid_rmse_m,std_centroid_rmse_m,p95_centroid_rmse_m,mean_relative_shape_rmse_m,std_relative_shape_rmse_m,p95_relative_shape_rmse_m,mean_yaw_rmse_deg,std_yaw_rmse_deg,p95_yaw_rmse_deg,mean_received,std_received,p95_received,mean_accepted,std_accepted,p95_accepted,seeds_meeting_shape_target,pareto_mean_relative_shape_rmse_m,pareto_mean_fleet_rmse_m,pareto_mean_worst_node_rmse_m,pareto_p95_relative_shape_rmse_m
d000,bias_half,frozen_q,clean,naive,all_pairs,full_10hz,3600,20,p2e,1.0586634955041263,0.4508453851104392,1.6330176567448238,1.0712806978003226,0.4505279015345796,1.6523028436296423,1.0574358917406474,0.4514702155037096,1.6321600977362993,0.04462078192153117,0.0086519174255592,0.056643804181432535,0.04666529411855538,0.012340487901524753,0.06404378705946494,3600.0,0.0,3600.0,3600.0,0.0,3600.0,20,True,True,True,True
d001,bias_half,frozen_q,clean,naive,cyclic,p2c_capacity,180,20,p2e,1.0648300199697582,0.44678971689664093,1.6361004597105555,1.100150165733999,0.4472323708320464,1.6639877018717841,1.057581408361591,0.45065689676872933,1.632012610708883,0.10882789030940307,0.016025253127322153,0.13087211987216296,0.04763596658915403,0.013109306398819647,0.07278733038417697,180.0,0.0,180.0,180.0,0.0,180.0,7,True,True,True,True
d002,bias_half,frozen_q,clean,naive,cyclic,p2c_capacity,360,20,p2e,1.0619768747371399,0.44755889402041804,1.635542514499204,1.0858055496535088,0.4427801556643852,1.649111884176111,1.0577439035895178,0.4500136082824669,1.6333244342772422,0.08156861023629602,0.015429257863127138,0.09917059642306389,0.04794015328334397,0.014346607915967204,0.06802769443864609,360.0,0.0,360.0,360.0,0.0,360.0,19,True,True,True,True
d003,bias_half,frozen_q,clean,naive,cyclic,p2c_capacity,720,20,p2e,1.0604028776560228,0.4489191560736994,1.6298546589953085,1.0762896484048532,0.4476184885224541,1.637592266194193,1.0577132266783387,0.44994537358195813,1.6273081221078898,0.06811009243628727,0.0138297683202058,0.0916865104660841,0.04529303229461158,0.010986895022383642,0.0631221227460712,720.0,0.0,720.0,720.0,0.0,720.0,20,True,True,True,True
d004,bias_half,frozen_q,clean,naive,none,none,0,20,p2e,2.3209807417076878,0.5971676972498493,3.20410898128583,3.2391539949632593,0.8178048406355658,4.450204507466603,1.057494075972287,0.4510599937420332,1.6321622031149217,2.0250297275191715,0.5743728103217278,2.8201826877473497,0.03404625373660422,0.013406733946738414,0.05310924654021344,0.0,0.0,0.0,0.0,0.0,0.0,0,True,True,True,True
d005,bias_x10,frozen_q,clean,naive,all_pairs,full_10hz,3600,20,p2e,1.0974751536294152,0.5212935449820866,1.8077533502614243,1.1516562668627255,0.5363513975590717,1.8930949656829072,1.0892662280097136,0.5252444513412482,1.7986899821126074,0.11188783627796672,0.039787256633441785,0.18133373034515657,0.3712097625070495,0.11800774452930772,0.5839825933930362,3600.0,0.0,3600.0,3600.0,0.0,3600.0,9,True,True,True,True
d006,bias_x10,frozen_q,clean,naive,cyclic,p2c_capacity,180,20,p2e,1.1115201830336563,0.5149183112789253,1.8193251172727891,1.1857209134007543,0.520186958346956,1.9069354223360033,1.0902045817146022,0.5271721589003673,1.8007859595999398,0.18322423978401853,0.035965309562982654,0.23187272644667378,0.37145208169370475,0.11560613537335854,0.5205582613195874,180.0,0.0,180.0,180.0,0.0,180.0,0,True,True,True,True
d007,bias_x10,frozen_q,clean,naive,cyclic,p2c_capacity,360,20,p2e,1.1049070767383855,0.518749214990651,1.8164313197491044,1.1709960034903724,0.5387447451459686,1.8892036060020405,1.089754295120846,0.5257821231451676,1.802344619684227,0.1561615159056069,0.044603718572297425,0.2257722172731908,0.3692852547863749,0.11812314741726634,0.5438572890436314,360.0,0.0,360.0,360.0,0.0,360.0,2,True,True,True,True
d008,bias_x10,frozen_q,clean,naive,cyclic,p2c_capacity,720,20,p2e,1.1015144003559325,0.5197299289315183,1.8061048467659744,1.1611711476339588,0.5348076169536715,1.879737569781454,1.089799000274001,0.525090780262873,1.7958350236018068,0.13776948711921383,0.03798350814941137,0.1923296617427544,0.36982280650858035,0.11432920731218335,0.5455577064319559,720.0,0.0,720.0,720.0,0.0,720.0,2,True,True,True,True
d009,bias_x10,frozen_q,clean,naive,none,none,0,20,p2e,2.491237082282987,0.6964905855768708,3.5089594486210327,3.366962426563618,0.8791317816544612,4.735267605263399,1.09313313961064,0.5297085473270373,1.796211397396915,2.187446745977933,0.6654491667793654,3.0460024669344645,0.36497947293888444,0.12149292784441736,0.49559002039686706,0.0,0.0,0.0,0.0,0.0,0.0,0,True,True,True,True
d010,combined_poor,frozen_q,clean,naive,all_pairs,full_10hz,3600,20,p2e,1.2369049547219717,0.5700909887847763,2.250516387378275,1.3021858335115801,0.5732734091060162,2.320942998281755,1.2215350804111966,0.5802626665452031,2.245880707996921,0.15270426427959033,0.05939472467701376,0.2787125644563689,0.4091333218592547,0.13007139618690267,0.6345715797864481,3600.0,0.0,3600.0,3600.0,0.0,3600.0,4,True,True,True,True
d011,combined_poor,frozen_q,clean,naive,cyclic,p2c_capacity,180,20,p2e,1.2548320648094218,0.5622616263268664,2.2673022910731437,1.3512025082943129,0.5583943329195525,2.3433144983243457,1.2210854819267127,0.5838816757733498,2.257317162095365,0.23823872535866966,0.05853811462095368,0.3581502052004146,0.3971346612020725,0.12996796825075013,0.5627490608735387,180.0,0.0,180.0,180.0,0.0,180.0,0,True,True,True,True
d012,combined_poor,frozen_q,clean,naive,cyclic,p2c_capacity,360,20,p2e,1.2467794908466587,0.5650799995013386,2.2561670681544026,1.3324108619450918,0.5745520117284694,2.373267628293506,1.2202663348329847,0.5817220224403836,2.2467879646188247,0.20701681795416804,0.06822839102946131,0.3296379767011469,0.39809279609555637,0.1324027712329711,0.587534375804733,360.0,0.0,360.0,360.0,0.0,360.0,0,True,True,True,True
d013,combined_poor,frozen_q,clean,naive,cyclic,p2c_capacity,720,20,p2e,1.2408807223526974,0.5701641969245576,2.256932574408604,1.3158811177065324,0.5759888693668752,2.3389925722791203,1.2203950925846945,0.581923339039456,2.2505062235338276,0.1849545446619844,0.0593155566674582,0.2868391377659052,0.4005139892667954,0.12912603900895897,0.5898337364836654,720.0,0.0,720.0,720.0,0.0,720.0,0,True,True,True,True
d014,combined_poor,frozen_q,clean,naive,none,none,0,20,p2e,2.916999727174365,0.5913057262303065,3.626150158631132,3.9737049240960287,0.9208358172745572,5.170754134143252,1.2242362973713679,0.5876231978531067,2.2434910516614983,2.5891593267454707,0.571711414611712,3.481910329202198,0.3851029845976652,0.12825789641549604,0.521506579592667,0.0,0.0,0.0,0.0,0.0,0.0,0,True,True,True,True
d015,combined_poor,white_rescaled_q,clean,naive,all_pairs,full_10hz,3600,20,p2e,1.2382659426382658,0.5742832657085452,2.2460760409260687,1.2989112628562265,0.5798996639236622,2.3223605186598575,1.223739859616383,0.5865536979848743,2.2419274608994963,0.14137426464883346,0.04861064643398688,0.223018888344914,0.38384950588918476,0.123766330570391,0.5180980636123017,3600.0,0.0,3600.0,3600.0,0.0,3600.0,5,True,True,False,False
d016,combined_poor,white_rescaled_q,clean,naive,cyclic,p2c_capacity,180,20,p2e,1.2522371826282095,0.5645119954455206,2.252745876022434,1.3182134740817857,0.5668079532080117,2.3368032514166233,1.2238760304999952,0.5865509230274633,2.243173324640225,0.20832395965162848,0.05357502041570504,0.2983301120144868,0.385713497110984,0.12710225529102445,0.5227249484412132,180.0,0.0,180.0,180.0,0.0,180.0,0,True,True,True,True
d017,combined_poor,white_rescaled_q,clean,naive,cyclic,p2c_capacity,360,20,p2e,1.2455980257759058,0.5693649122228812,2.2476877869584984,1.3131919811038983,0.5781465497423534,2.3472978068919486,1.2236188067720861,0.5863115029214511,2.240892020164701,0.1816973095109767,0.05283548268365279,0.2561916911995572,0.38465273234145164,0.12692702165704553,0.5181189958308452,360.0,0.0,360.0,360.0,0.0,360.0,0,True,True,True,True
d018,combined_poor,white_rescaled_q,clean,naive,cyclic,p2c_capacity,720,20,p2e,1.2409173445696262,0.5730095019755203,2.247523983016456,1.2938017635738626,0.5774303280830381,2.3177598937538972,1.2237487181101128,0.5865888086443841,2.2427345037888986,0.15984276209968537,0.04360116322636647,0.21598376259757135,0.3840099856610241,0.12577002078286323,0.5162742822990414,720.0,0.0,720.0,720.0,0.0,720.0,1,True,True,True,True
d019,combined_poor,white_rescaled_q,clean,naive,none,none,0,20,p2e,2.916999727174365,0.5913057262303065,3.626150158631132,3.9737049240960287,0.9208358172745572,5.170754134143252,1.2242362973713679,0.5876231978531067,2.2434910516614983,2.5891593267454707,0.571711414611712,3.481910329202198,0.3851029845976652,0.12825789641549604,0.521506579592667,0.0,0.0,0.0,0.0,0.0,0.0,0,True,True,True,True
d020,noise_half,frozen_q,clean,naive,all_pairs,full_10hz,3600,20,p2e,1.0551761155689416,0.44584064058886896,1.6563202488046993,1.0647162904892784,0.44579950887894815,1.6743905352894344,1.0542044635569252,0.44626227625769055,1.6556226522436044,0.04041689170821551,0.007862198631821367,0.05255099688323854,0.04497894109443796,0.013347073566457193,0.06567796101876741,3600.0,0.0,3600.0,3600.0,0.0,3600.0,20,True,True,True,True
d021,noise_half,frozen_q,clean,naive,cyclic,p2c_capacity,180,20,p2e,1.0609272297745271,0.44276665822050065,1.6605427476560712,1.0926685596980017,0.441502597109794,1.685884087253882,1.0545530352232737,0.4456533259006794,1.6567082720068989,0.10399603413509091,0.015659638724999637,0.1273374655934342,0.05156191032610148,0.012780777686782291,0.06729530823985343,180.0,0.0,180.0,180.0,0.0,180.0,9,True,True,True,True
d022,noise_half,frozen_q,clean,naive,cyclic,p2c_capacity,360,20,p2e,1.0582891221298731,0.44348236174657224,1.659708453842764,1.0802293456304937,0.43947445909541705,1.670938493367099,1.054703749051822,0.4451710683284867,1.6577319719938701,0.07700349462620387,0.015241509049906324,0.09340773672754206,0.04932700396753308,0.015747899433517832,0.07008510484914843,360.0,0.0,360.0,360.0,0.0,360.0,19,True,True,True,True
d023,noise_half,frozen_q,clean,naive,cyclic,p2c_capacity,720,20,p2e,1.056948035199757,0.4441509691253475,1.6537738929046688,1.0685403911121194,0.4438675086242045,1.6611498427650266,1.0546391011455574,0.44489747142232133,1.6513379184378498,0.06366599905666046,0.014203896566734573,0.09040728283620407,0.0463985444140387,0.013198815389026898,0.06162983776929526,720.0,0.0,720.0,720.0,0.0,720.0,20,True,True,True,True
d024,noise_half,frozen_q,clean,naive,none,none,0,20,p2e,2.296276266897024,0.6289132797142449,3.255840405558591,3.204070168428951,0.8254632135800719,4.2899305754639245,1.0547179135006792,0.44600958743966496,1.6568028744135785,1.9993047313110144,0.6069877320011335,2.8549460412274894,0.03954493351072957,0.013294201087550705,0.05358503467970046,0.0,0.0,0.0,0.0,0.0,0.0,0,True,True,True,True
d025,noise_half,white_rescaled_q,clean,naive,all_pairs,full_10hz,3600,20,p2e,1.0543267739773958,0.44574765015267237,1.6565164577437341,1.064116234255278,0.44611603083839774,1.6747428376745437,1.0534652036035603,0.4461055602892373,1.6557813220645536,0.0379503976467307,0.00873801744458206,0.05015829207978431,0.06463346616321129,0.018085631716969565,0.09243523888091401,3600.0,0.0,3600.0,3600.0,0.0,3600.0,20,True,True,True,True
d026,noise_half,white_rescaled_q,clean,naive,cyclic,p2c_capacity,180,20,p2e,1.0599593269370904,0.4429782027209326,1.6620710774074667,1.0911626817004136,0.44366319777535473,1.682542605156147,1.0541716420537681,0.44560705287666097,1.6587565863502987,0.09886056878753005,0.016005005020452278,0.12337747865422842,0.06255104981514668,0.015581479890094679,0.08548326758844503,180.0,0.0,180.0,180.0,0.0,180.0,11,True,True,True,True
d027,noise_half,white_rescaled_q,clean,naive,cyclic,p2c_capacity,360,20,p2e,1.0577581938628913,0.4429791929534219,1.6608606799627172,1.07920432683698,0.43905739897085455,1.668961532239888,1.0545115675354846,0.44450799746584596,1.658856923011703,0.07294250879813438,0.016163191705858917,0.09157464170723308,0.061864256410917653,0.018950684367210244,0.09055286603403884,360.0,0.0,360.0,360.0,0.0,360.0,19,True,True,True,True
d028,noise_half,white_rescaled_q,clean,naive,cyclic,p2c_capacity,720,20,p2e,1.0563342566208236,0.44346179357313514,1.6511553401728163,1.070140287723374,0.4428905164170158,1.660541701350957,1.0542061731367247,0.44412173835384,1.6488002155074017,0.061037552767801206,0.014844990997855962,0.0887875796653285,0.06200121705949755,0.018332708199696113,0.08985491117894233,720.0,0.0,720.0,720.0,0.0,720.0,20,True,True,True,True
d029,noise_half,white_rescaled_q,clean,naive,none,none,0,20,p2e,2.296276266897024,0.6289132797142449,3.255840405558591,3.204070168428951,0.8254632135800719,4.2899305754639245,1.0547179135006792,0.44600958743966496,1.6568028744135785,1.9993047313110144,0.6069877320011335,2.8549460412274894,0.03954493351072957,0.013294201087550705,0.05358503467970046,0.0,0.0,0.0,0.0,0.0,0.0,0,True,True,True,True
d030,noise_x4,frozen_q,clean,naive,all_pairs,full_10hz,3600,20,p2e,1.1943976953839244,0.47802091239514116,1.700757418850248,1.2379593174128742,0.4752340073452523,1.7242843802159245,1.1875947688135882,0.48193882348243994,1.6990248781863189,0.1095538948434773,0.02574119986011909,0.14988422852586333,0.16316461878956337,0.045771865623290726,0.24796355308312062,3600.0,0.0,3600.0,3600.0,0.0,3600.0,9,True,True,True,True
d031,noise_x4,frozen_q,clean,naive,cyclic,p2c_capacity,180,20,p2e,1.2061245927293602,0.47105447179101356,1.720626901591972,1.2823209770848636,0.472291156851443,1.7598967285783411,1.1871555003643006,0.48144580791052133,1.7145659183617035,0.18684885654935363,0.03376377559428075,0.24275898452969352,0.13570006155500386,0.04518945658338811,0.2172700400732381,180.0,0.0,180.0,180.0,0.0,180.0,0,True,True,True,True
d032,noise_x4,frozen_q,clean,naive,cyclic,p2c_capacity,360,20,p2e,1.200453089726345,0.4723986802535801,1.7097291424385495,1.2645159061488238,0.46491067712493855,1.7602615227354097,1.1865786438434016,0.4807112726355047,1.703756705947013,0.15690204868087876,0.032016704869709624,0.20204633492466847,0.14274621038852287,0.04489845647787077,0.21076057222242775,360.0,0.0,360.0,360.0,0.0,360.0,1,True,True,True,True
d033,noise_x4,frozen_q,clean,naive,cyclic,p2c_capacity,720,20,p2e,1.1967812253900825,0.47685818991432893,1.709270824691891,1.249448275492821,0.4736136650924154,1.731164881621186,1.1865518863871174,0.4819053312303578,1.7064161549186092,0.13813729980679543,0.027163143151419104,0.1730083792351078,0.14720165387243006,0.04046156287993517,0.21536526968361921,720.0,0.0,720.0,720.0,0.0,720.0,3,True,True,True,True
d034,noise_x4,frozen_q,clean,naive,none,none,0,20,p2e,2.739916908618087,0.5097279031188213,3.4118769662499195,3.863131491314779,0.8571764664039848,5.213864970582779,1.1871867373553264,0.48386474977388305,1.7038722652848233,2.431280056132551,0.47130521189114716,3.058858196573335,0.11983793887375897,0.04775035542975304,0.17222253585089706,0.0,0.0,0.0,0.0,0.0,0.0,0,True,True,True,True
d035,noise_x4,white_rescaled_q,clean,naive,all_pairs,full_10hz,3600,20,p2e,1.1952759174045233,0.47654456335088735,1.7041057605094498,1.2355859854283042,0.47318561544887505,1.7363874925818494,1.1872034107315828,0.4836714035100135,1.7015838212057144,0.10956504129423747,0.027662278559697245,0.16061899892114959,0.11903802524477229,0.04527868965963661,0.16524552843747298,3600.0,0.0,3600.0,3600.0,0.0,3600.0,8,True,True,False,True
d036,noise_x4,white_rescaled_q,clean,naive,cyclic,p2c_capacity,180,20,p2e,1.2048235588474663,0.4719457538864599,1.7115161455860803,1.255912002456301,0.4724349652324165,1.7442212392934047,1.1874329426413235,0.48327812359255784,1.7035428183802872,0.1736198983045539,0.03517240203486846,0.22797828688263969,0.11994031427961054,0.047662965175305196,0.16714659680392058,180.0,0.0,180.0,180.0,0.0,180.0,0,True,True,True,True
d037,noise_x4,white_rescaled_q,clean,naive,cyclic,p2c_capacity,360,20,p2e,1.199952668472478,0.4745210635270146,1.7057326882111905,1.2489696450851315,0.47409752054406296,1.7524837063323784,1.187164515441001,0.4831751996641188,1.7010707288328257,0.1483230821667604,0.026226764168989943,0.18897197371802452,0.12016598153131161,0.04676148748401439,0.16615267607827383,360.0,0.0,360.0,360.0,0.0,360.0,0,True,True,True,True
d038,noise_x4,white_rescaled_q,clean,naive,cyclic,p2c_capacity,720,20,p2e,1.1974078776944832,0.4763040566532785,1.7054991578762881,1.2352397888508277,0.4733433260898117,1.7324473460354095,1.1872796071302167,0.48361902126044654,1.7029223725023097,0.13006889081442008,0.024368455155134965,0.16736316039918514,0.11893585556438806,0.04572686859058826,0.1656529364203461,720.0,0.0,720.0,720.0,0.0,720.0,3,True,True,True,True
d039,noise_x4,white_rescaled_q,clean,naive,none,none,0,20,p2e,2.739916908618087,0.5097279031188213,3.4118769662499195,3.863131491314779,0.8571764664039848,5.213864970582779,1.1871867373553264,0.48386474977388305,1.7038722652848233,2.431280056132551,0.47130521189114716,3.058858196573335,0.11983793887375897,0.04775035542975304,0.17222253585089706,0.0,0.0,0.0,0.0,0.0,0.0,0,True,True,True,True
d040,reference,frozen_q,clean,gated,cyclic,p2c_capacity,360,20,p2d,1.0608978280151222,0.4484603759998452,1.6441377886649304,1.0852780494516925,0.4456286336542192,1.664746949141209,1.0566257531586327,0.4508232205018652,1.6417868848910375,0.0824273713029499,0.01567175711703747,0.10295033252699445,0.05834605453204276,0.019090602915355057,0.08290041620179307,360.0,0.0,360.0,359.25,0.8506963092234007,360.0,18,False,False,False,False
d041,reference,frozen_q,clean,gated,information,p2c_capacity,360,20,p2d,1.0600974009574917,0.4496524264616788,1.6435477111671082,1.0814989826282306,0.449482860417329,1.649287172532018,1.0559769659449123,0.45186635343270704,1.64128412569186,0.0810391605964139,0.016406014809182898,0.10260203885440725,0.053118904424310845,0.017945675343431326,0.0821726620607004,360.0,0.0,360.0,359.1,0.7181848464596079,360.0,18,True,True,True,True
d042,reference,frozen_q,clean,gated,uniform,uniform_rounds,360,20,p2d,1.0610566178248801,0.44944347765061354,1.6434706942385373,1.0854489561439429,0.44867608593334113,1.679922033619335,1.0562344246299566,0.4522452855347024,1.6410354241433691,0.08699345304355646,0.01596327471858497,0.10353154616052845,0.060056328505529014,0.022606369797117744,0.0956246786088277,360.0,0.0,360.0,359.0,1.1239029738980326,360.0,16,False,False,False,False
d043,reference,frozen_q,clean,naive,all_pairs,full_10hz,3600,20,"p2a,p2b,p2e",1.0576306322393092,0.45145745545516663,1.6414587670285374,1.0705585000125486,0.4513494727577444,1.663965189113559,1.0563567907038116,0.45207821754834265,1.6404647072759806,0.0455911404437308,0.00926204689511307,0.057836910234358836,0.05728202123428226,0.01524406023552446,0.0797563835252662,3600.0,0.0,3600.0,3600.0,0.0,3600.0,20,True,True,True,True
d044,reference,frozen_q,clean,naive,cyclic,p2c_capacity,180,20,"p2c,p2e",1.0638580700886486,0.4475790498143822,1.6448208618784526,1.098976340420699,0.44765779770957953,1.675884678417178,1.0565399024102804,0.4514258624851624,1.6404678188935744,0.10952327602640755,0.015784456135588234,0.13319343267696637,0.05903930047464555,0.016557517552779462,0.08753885606090878,180.0,0.0,180.0,180.0,0.0,180.0,6,False,False,False,True
d045,reference,frozen_q,clean,naive,cyclic,p2c_capacity,360,20,"p2c,p2d,p2e",1.0609562976328353,0.4483612532423079,1.6441670919498095,1.0855352190959011,0.4445615462595731,1.6596060684297436,1.0566709523409386,0.4507476014123262,1.6417819651551564,0.08244804726507339,0.015853806993867087,0.10231019089352844,0.058055519854624225,0.019409828719000904,0.08290041620179307,360.0,0.0,360.0,360.0,0.0,360.0,18,False,False,False,False
d046,reference,frozen_q,clean,naive,cyclic,p2c_capacity,720,20,"p2c,p2e",1.0593816448297162,0.44963249835214664,1.6382878126431286,1.075509561525752,0.4485595836537484,1.6492858580567586,1.0566522039176331,0.45063420779594676,1.6357324700145397,0.06873335671800587,0.014312293353550007,0.09208267869685388,0.055927230088418975,0.015580269655468739,0.07620468555372946,720.0,0.0,720.0,720.0,0.0,720.0,20,False,False,False,False
d047,reference,frozen_q,clean,naive,geometry,p2c_capacity,180,20,p2c,1.063500345277719,0.446195621247582,1.6382918971769074,1.091042686896149,0.4410815103833422,1.6536344355879917,1.0560292235437754,0.4509676292140337,1.6346134583963594,0.10663760471832757,0.020429030371036275,0.1416275522512676,0.05339827112273628,0.014164307673133623,0.07212075633019402,180.0,0.0,180.0,180.0,0.0,180.0,8,True,True,False,False
d048,reference,frozen_q,clean,naive,geometry,p2c_capacity,360,20,p2c,1.0607196137370958,0.4490438902150341,1.6395377741315025,1.0855827494639985,0.4473872807473269,1.6589807296711734,1.0561720379012847,0.4514885139307033,1.6371971253987725,0.08529798842377932,0.016530315518027694,0.11686641540219954,0.054945952888124164,0.012912015962188484,0.07674662250487777,360.0,0.0,360.0,360.0,0.0,360.0,17,False,False,False,False
d049,reference,frozen_q,clean,naive,geometry,p2c_capacity,720,20,p2c,1.0597977164817514,0.4502808281709182,1.6395726642611463,1.0800986946557156,0.4535486836270904,1.6775725969904711,1.0571014105660907,0.4515368509885125,1.6378730739362046,0.06725955939928378,0.01065689326271536,0.08788386658280826,0.059790555023802594,0.01859364005792713,0.09458257049606601,720.0,0.0,720.0,720.0,0.0,720.0,20,False,False,False,False
d050,reference,frozen_q,clean,naive,information,p2c_capacity,180,20,p2c,1.0637175672455847,0.4480146761282101,1.647465993872296,1.0888898426057039,0.45009145976717974,1.6931092261183054,1.0565920212963027,0.4519038369197427,1.643897944678527,0.10676639439413463,0.02011464565252513,0.1537093177726037,0.054747485322316734,0.01879891368161725,0.08179394776372775,180.0,0.0,180.0,180.0,0.0,180.0,7,False,False,True,False
d051,reference,frozen_q,clean,naive,information,p2c_capacity,360,20,"p2c,p2d",1.060313907932971,0.4499020959128919,1.6426068690665503,1.0831272867657349,0.4484596878081031,1.668657437306878,1.0565225723132021,0.45178455732304346,1.6404433582576283,0.07888625794716805,0.01414492817973292,0.1002482676589294,0.05473223913379503,0.016340748364094625,0.07825533593626129,360.0,0.0,360.0,360.0,0.0,360.0,19,True,True,True,True
d052,reference,frozen_q,clean,naive,information,p2c_capacity,720,20,p2c,1.0592863879049437,0.4503563015430266,1.6437942355333766,1.073762173814392,0.4499348620948396,1.673661948290628,1.0564410020364199,0.4518290608597337,1.6422847506393718,0.06815849815711406,0.010868261032286884,0.08726888884249634,0.060876518465515964,0.02044593474981536,0.09386741969102361,720.0,0.0,720.0,720.0,0.0,720.0,20,False,False,True,False
d053,reference,frozen_q,clean,naive,none,none,0,20,"p2a,p2b,p2e",2.3222193229828947,0.6050424848445517,3.2236719994717,3.237522489426065,0.8225619509109601,4.423518247223349,1.0566150007272628,0.4518108417920843,1.640382676719768,2.0272749470034976,0.5806256304928177,2.816979341308192,0.04687637686726421,0.016903751298606575,0.0778552916832125,0.0,0.0,0.0,0.0,0.0,0.0,0,True,True,True,True
d054,reference,frozen_q,clean,naive,random,p2c_capacity,180,20,p2c,1.0638827704560259,0.4468185196139625,1.6422639396346328,1.1058275329612148,0.4408086655322594,1.6916630380212196,1.0554199380414517,0.4509807798600783,1.638502768633002,0.11741320473639397,0.025118925445591533,0.15002990967103466,0.05700263417686881,0.01561934101933889,0.08037300346244111,180.0,0.0,180.0,180.0,0.0,180.0,5,False,False,False,False
d055,reference,frozen_q,clean,naive,random,p2c_capacity,360,20,p2c,1.0620684524494042,0.4486410627275895,1.6418030178951808,1.0959714624411037,0.4502232476787263,1.6746993025746895,1.0567009031249595,0.4517809539691309,1.6391507314516116,0.09138531825059251,0.018791285429356895,0.12255083440117258,0.05821639035653654,0.01509626405058614,0.07814307604845144,360.0,0.0,360.0,360.0,0.0,360.0,16,False,False,False,False
d056,reference,frozen_q,clean,naive,random,p2c_capacity,720,20,p2c,1.0593457473373784,0.4507158640355523,1.640124988848762,1.0752423972895726,0.4538859848824742,1.6605132762265287,1.0565659751094514,0.4517912073344934,1.6382666010899554,0.06968231726459934,0.010470390258952099,0.08370975913867011,0.055577537174751945,0.019248747639391398,0.08277632797930519,720.0,0.0,720.0,720.0,0.0,720.0,20,False,False,False,True
d057,reference,frozen_q,clean,naive,uniform,uniform_rounds,180,20,p2b,1.0641894616471002,0.44727959731476535,1.6474205963428907,1.0966476620254118,0.4434291877330173,1.6723912255474191,1.0560921263161585,0.45174858122067596,1.6429270280005757,0.11379179002383119,0.020601589083792348,0.14150308494000613,0.05946098106835793,0.021372058584689567,0.08840254417340423,180.0,0.0,180.0,180.0,0.0,180.0,6,False,False,False,False
d058,reference,frozen_q,clean,naive,uniform,uniform_rounds,360,20,"p2b,p2d",1.0609407944214133,0.4495869280079405,1.6437021795510016,1.0850388024141153,0.4496747493202468,1.6810380923508899,1.0563047471977247,0.4521491282021801,1.6413157029803138,0.08582232675232415,0.016392285170392627,0.10353154616052845,0.05968993146352049,0.022233721639389664,0.09557878532884968,360.0,0.0,360.0,360.0,0.0,360.0,15,False,False,False,False
d059,reference,frozen_q,clean,naive,uniform,uniform_rounds,720,20,p2b,1.0592212533841852,0.44943346707425924,1.639006764728183,1.0776915944692798,0.45256121378026737,1.6652518916979013,1.0565340506981435,0.45064599046122183,1.6373907543307509,0.06694574281294426,0.013255856008501479,0.0894470571632707,0.0595925772671157,0.020789704872200807,0.09366602288277182,720.0,0.0,720.0,720.0,0.0,720.0,20,True,True,False,False
d060,reference,frozen_q,clean,naive,uniform,uniform_rounds,1800,20,p2b,1.0576815591156237,0.4514626329879368,1.6416933721437303,1.0732708633763741,0.45199947625148107,1.6684976708991213,1.0558874609378885,0.45234380791809214,1.6402300647021233,0.054314944538496855,0.009472738091769135,0.06989926970474694,0.056376697145087654,0.01732385921352666,0.08898408226199725,1800.0,0.0,1800.0,1800.0,0.0,1800.0,20,True,True,True,True
d061,reference,frozen_q,loss30,naive,cyclic,p2c_capacity,360,20,p2d,1.0616150086665286,0.44831370888838146,1.6413946614797081,1.086660749724105,0.4475928201887598,1.6720159291928058,1.056401969713513,0.45100073810733726,1.637859651610738,0.09187513699305858,0.01790631254902947,0.1172997920284985,0.05716072465295187,0.017372418896470135,0.07269906686130562,251.5,8.92954881868413,264.1,251.5,8.92954881868413,264.1,13,True,False,True,True
d062,reference,frozen_q,loss30,naive,information,p2c_capacity,360,20,p2d,1.0613701555656236,0.4484010628595842,1.6461070643627969,1.0872133309400294,0.44911378084187115,1.6863385368214376,1.0560582054326382,0.4508177875394712,1.6418174700636428,0.09393086838788435,0.01947088673486696,0.12740676144421118,0.053867344812145446,0.015432479566346278,0.07923069385809446,252.4,8.720212455161738,264.55,252.4,8.720212455161738,264.55,15,False,True,False,False
d063,reference,frozen_q,loss30,naive,uniform,uniform_rounds,360,20,p2d,1.0627318199577291,0.4481634586484608,1.6403583156121082,1.0917365984142957,0.4447515943939575,1.6661105881736153,1.056122593003098,0.45215973224101413,1.6376945240629046,0.10019053183348299,0.02401328858240402,0.13882746070432944,0.059637229132672054,0.021106085782261887,0.089288782852415,253.0,7.448065803316074,266.05,253.0,7.448065803316074,266.05,10,False,False,False,False
d064,reference,frozen_q,loss50,naive,cyclic,p2c_capacity,360,20,p2d,1.0641216968536944,0.44663045758877423,1.6444123763981358,1.1001754391300618,0.4432900905170512,1.6834396474918611,1.0565223241735704,0.45088616419539057,1.6393158746877707,0.10998783224466965,0.020252405958442223,0.13259665656152927,0.05648040963162434,0.018348240382835623,0.07603624599441365,175.0,12.367189188374722,197.15,175.0,12.367189188374722,197.15,7,False,False,False,True
d065,reference,frozen_q,loss50,naive,information,p2c_capacity,360,20,p2d,1.0637138169578417,0.44624961032673827,1.6425783331005348,1.0973054133381428,0.44461634201038963,1.6768076332349964,1.0566495405220264,0.45006562189421806,1.6394874758527012,0.10654931753150831,0.01991413160310788,0.13553612174076862,0.055593306989716276,0.017717988157262672,0.08395821438707589,179.4,9.455713950611528,193.05,179.4,9.455713950611528,193.05,9,True,True,True,False
d066,reference,frozen_q,loss50,naive,uniform,uniform_rounds,360,20,p2d,1.0654418404578876,0.4445910220860267,1.6399541764114878,1.1059441950320112,0.4306564237014595,1.6843792550797705,1.0558206156946022,0.45164781847418917,1.6371419767876674,0.11637595131875447,0.030042681302829194,0.17435964893619052,0.06003504865965439,0.019751332202063692,0.0881451311365429,178.35,7.058216563171719,187.05,178.35,7.058216563171719,187.05,6,False,False,False,False
d067,reference,frozen_q,network_outage,gated,cyclic,p2c_capacity,360,20,p2d,1.0613007577993154,0.44779312275680416,1.6423313171560638,1.0887364813778362,0.4457015446000637,1.669272991982413,1.056047033387538,0.4506753502898909,1.6398412491892835,0.09183963675044234,0.015537115434807493,0.11174457699868573,0.05518851655298475,0.02004057626635479,0.0909901206279799,300.0,0.0,300.0,299.3,0.8645047258706176,300.0,15,False,True,False,True
d068,reference,frozen_q,network_outage,gated,information,p2c_capacity,360,20,p2d,1.0617641067027908,0.4493270012675915,1.643557136060342,1.0862556972865527,0.4483125447195536,1.6540609257928869,1.0566057566143858,0.45207501584027143,1.6412814542289569,0.09130758169963409,0.01579494625933529,0.1218894501493311,0.05260154149425399,0.018037515732908252,0.07989984084826418,300.0,0.0,300.0,299.3,0.8645047258706176,300.0,15,True,False,True,False
d069,reference,frozen_q,network_outage,gated,uniform,uniform_rounds,360,20,p2d,1.0623644747563339,0.44892574253977774,1.6423983405547733,1.0914563579716752,0.4514298002984333,1.6784579975873468,1.0562391520950896,0.45185369793518215,1.6398151067757771,0.10022281101162614,0.02119952921542477,0.13348929417136596,0.05694220454000346,0.022450629915382374,0.09575334292796439,300.0,0.0,300.0,299.5,0.8271701918685112,300.0,11,False,False,False,False
d070,reference,frozen_q,network_outage,naive,cyclic,p2c_capacity,360,20,p2d,1.0613169583138675,0.4477682525813559,1.6424997941859396,1.0886259309474542,0.4455602176782424,1.6646318355945708,1.0560616220087973,0.45067025598584054,1.6399655204979384,0.09173055129677078,0.015765867645501166,0.11133876065113989,0.05542953880998077,0.019890119498772414,0.0909901206279799,300.0,0.0,300.0,300.0,0.0,300.0,15,False,True,False,False
d071,reference,frozen_q,network_outage,naive,information,p2c_capacity,360,20,p2d,1.0618585637070186,0.44937296613322,1.6417905376986186,1.0878125676996224,0.44622374168076967,1.660667411831054,1.0568828767936322,0.4520823164982719,1.639396845876148,0.08975239949611333,0.013237130946766618,0.10508530378810606,0.05265776039949053,0.017482637706971404,0.07937628458050966,300.0,0.0,300.0,300.0,0.0,300.0,15,True,False,True,True
d072,reference,frozen_q,network_outage,naive,uniform,uniform_rounds,360,20,p2d,1.0622974681126789,0.4490389415486413,1.6426809946963508,1.0904315682281174,0.4513654333018187,1.6789082927372454,1.0563225834286687,0.45182105861340705,1.640078676916983,0.09927013280818126,0.021100465173020975,0.13348929417136596,0.056537048912078836,0.022221452500547016,0.09491328121183816,300.0,0.0,300.0,300.0,0.0,300.0,11,False,False,False,False
d073,reference,frozen_q,nlos,gated,cyclic,p2c_capacity,360,20,p2d,1.067019447853251,0.43953655872606595,1.644168387221413,1.0935667147094477,0.436882068301479,1.6674631137159783,1.056597042128624,0.45051361330683487,1.6418221786965166,0.09564791558999894,0.06243351034468094,0.12087882245986013,0.060069269587565324,0.021940394945741827,0.10189162691222188,360.0,0.0,360.0,337.9,6.624515871089432,340.05,18,True,False,True,True
d074,reference,frozen_q,nlos,gated,information,p2c_capacity,360,20,p2d,1.0692029799139937,0.4413019043375097,1.6444885979441648,1.1217197348424184,0.43746841890512705,1.6692834019757634,1.0563627928701884,0.4512046812438352,1.6402893837393326,0.13049012260014745,0.04435041180657367,0.16095736380011735,0.05198386763066676,0.01634938082427074,0.0800420761877668,360.0,0.0,360.0,293.95,25.97463337464782,326.2,4,False,False,False,False
d075,reference,frozen_q,nlos,gated,uniform,uniform_rounds,360,20,p2d,1.0626883176297457,0.4484336471363075,1.6433750169264212,1.1001849537150454,0.4432878762649721,1.678131264086925,1.0561395783734118,0.452198223130976,1.6409379345190305,0.09933764601711928,0.02877702374517434,0.14989627995233681,0.05947132053616622,0.02226848696421424,0.09558312649035877,360.0,0.0,360.0,338.95,1.394538218230416,341.0,13,False,True,False,False
d076,reference,frozen_q,nlos,naive,cyclic,p2c_capacity,360,20,p2d,1.0731426233008083,0.4436203782678735,1.653985756256458,1.1480543107453811,0.45181533929227824,1.7129194325673955,1.0565105504352617,0.4515474495661212,1.6448528148450894,0.1689530557169711,0.011883446799184743,0.18254174170806584,0.07051676457497272,0.018634492096617432,0.09852347913979488,360.0,0.0,360.0,360.0,0.0,360.0,0,False,False,False,False
d077,reference,frozen_q,nlos,naive,information,p2c_capacity,360,20,p2d,1.069371278522371,0.4459659886225562,1.649552140902023,1.1222085651380704,0.44882494420190505,1.6852238421209,1.0564736636876386,0.4523231513038172,1.6430344087211957,0.1477878554936652,0.012650664393455162,0.16747603434435518,0.0609529517188339,0.012571005057628459,0.07632102680613959,360.0,0.0,360.0,360.0,0.0,360.0,0,True,True,True,True
d078,reference,frozen_q,nlos,naive,uniform,uniform_rounds,360,20,p2d,1.0735215981358677,0.4447110172486804,1.654222455340346,1.1491217960631421,0.45329789332106735,1.740141083157898,1.0562737432272102,0.4529907378790269,1.644683248750773,0.1717739914630711,0.013259083681593543,0.1883982172134887,0.0722929932250174,0.025297644377231688,0.11930310201507263,360.0,0.0,360.0,360.0,0.0,360.0,0,False,False,False,False
d079,reference,frozen_q,node_outage,naive,cyclic,p2c_capacity,360,20,p2d,1.0616720008682545,0.4481411597872933,1.6436601775367932,1.0899998528634836,0.443500857742011,1.6646416602735952,1.0568372071737033,0.45074410839321866,1.6411166996923146,0.08825389108366116,0.015594908803867163,0.1139066080390762,0.057681009253027174,0.01980618462142458,0.09299598747830648,330.0,0.0,330.0,330.0,0.0,330.0,17,False,False,False,False
d080,reference,frozen_q,node_outage,naive,information,p2c_capacity,360,20,p2d,1.0610531515299002,0.45047134743001216,1.6454457724294094,1.084659587150647,0.4473548946169632,1.6569996424243387,1.0566313206917601,0.45271652521000416,1.6431378837332766,0.08529117707260118,0.013100065995067174,0.11076143955348255,0.05251588800931033,0.014638647519819874,0.07644182872464642,305.05,0.8255779474818965,306.05,305.05,0.8255779474818965,306.05,18,True,True,True,False
d081,reference,frozen_q,node_outage,naive,uniform,uniform_rounds,360,20,p2d,1.0615609104002826,0.4493921591988935,1.643822958810159,1.0872137023724018,0.4491125429938532,1.6832635616742777,1.056576020046741,0.4521819071512633,1.641481726264363,0.08917669046514604,0.015106361313077684,0.10759862286108851,0.057999454958971075,0.021795261912393393,0.09207043586084501,330.0,0.0,330.0,330.0,0.0,330.0,16,False,False,False,True
d082,reference,frozen_q,outliers,gated,cyclic,p2c_capacity,360,20,p2d,1.0613023828229575,0.4483251632374364,1.64390921320485,1.0855210014466032,0.4453556865667555,1.6613152936707887,1.0568065439803829,0.45095220866184693,1.6413317875482836,0.08379481822076443,0.016440785146051934,0.10124136702645634,0.05784137370654239,0.01955862142432945,0.08384155528301387,360.0,0.0,360.0,342.8,3.7640963128793055,347.25,19,False,False,False,True
d083,reference,frozen_q,outliers,gated,information,p2c_capacity,360,20,p2d,1.0593776283172753,0.450252035988065,1.6442992742760727,1.0847680107676763,0.4502582941987344,1.6697345970257498,1.0550934429146206,0.4526172832383615,1.6423000411432738,0.08261144719705513,0.01470414097679714,0.10790046342857638,0.05643798444436039,0.013031208287689776,0.07326201794261415,360.0,0.0,360.0,340.9,4.8438783938840615,346.1,18,True,True,True,False
d084,reference,frozen_q,outliers,gated,uniform,uniform_rounds,360,20,p2d,1.0609948620104501,0.449267659846179,1.6435632102174624,1.0864792153534668,0.44870324331143185,1.680740117571332,1.056018620272863,0.4520845743504794,1.6411243618343059,0.08881397879869342,0.015720166284986264,0.11411039344860795,0.06015185831224244,0.022620041223122313,0.09559773808886586,360.0,0.0,360.0,342.25,3.795773272581241,348.0,16,False,False,False,False
d085,reference,frozen_q,outliers,naive,cyclic,p2c_capacity,360,20,p2d,1.1022147767696837,0.4350492054004872,1.6781876020210629,1.191019176850293,0.43923107070259804,1.8047305172657477,1.0543105566935835,0.4491349322984898,1.6282057546402404,0.29545178901242053,0.06635825468545602,0.40771782598742956,0.1068357666046664,0.02623279448093388,0.14015293098191514,360.0,0.0,360.0,360.0,0.0,360.0,0,False,False,False,False
d086,reference,frozen_q,outliers,naive,information,p2c_capacity,360,20,p2d,1.1064666332448698,0.4262725707620177,1.6517537395071469,1.192516335988526,0.4246831101385642,1.707573068304524,1.0549134430143112,0.44676160734161013,1.6282951593898725,0.30244503113617377,0.05581731124686993,0.38338771732287136,0.11371610641373833,0.03372646827812,0.17973073056679242,360.0,0.0,360.0,360.0,0.0,360.0,0,False,False,False,False
d087,reference,frozen_q,outliers,naive,uniform,uniform_rounds,360,20,p2d,1.0999300888654013,0.4305119564158165,1.645585082490529,1.1903046194647626,0.408978983843538,1.7190535378028082,1.0544716907381042,0.44898601621891276,1.6236448005047797,0.28297344439671035,0.05053586900866307,0.37383085151337897,0.1155037483018169,0.04299739896839816,0.19365161934938063,360.0,0.0,360.0,360.0,0.0,360.0,0,True,True,True,True
