source,seed,kind,reference_sources
p2d,0,duplicate_endpoint,p2c
p2d,0,duplicate_endpoint,p2c
p2d,0,duplicate_endpoint,p2b
p2d,1,duplicate_endpoint,p2c
p2d,1,duplicate_endpoint,p2c
p2d,1,duplicate_endpoint,p2b
p2d,2,duplicate_endpoint,p2c
p2d,2,duplicate_endpoint,p2c
p2d,2,duplicate_endpoint,p2b
p2d,3,duplicate_endpoint,p2c
p2d,3,duplicate_endpoint,p2c
p2d,3,duplicate_endpoint,p2b
p2d,4,duplicate_endpoint,p2c
p2d,4,duplicate_endpoint,p2c
p2d,4,duplicate_endpoint,p2b
p2d,5,duplicate_endpoint,p2c
p2d,5,duplicate_endpoint,p2c
p2d,5,duplicate_endpoint,p2b
p2d,6,duplicate_endpoint,p2c
p2d,6,duplicate_endpoint,p2c
p2d,6,duplicate_endpoint,p2b
p2d,7,duplicate_endpoint,p2c
p2d,7,duplicate_endpoint,p2c
p2d,7,duplicate_endpoint,p2b
p2d,8,duplicate_endpoint,p2c
p2d,8,duplicate_endpoint,p2c
p2d,8,duplicate_endpoint,p2b
p2d,9,duplicate_endpoint,p2c
p2d,9,duplicate_endpoint,p2c
p2d,9,duplicate_endpoint,p2b
p2d,10,duplicate_endpoint,p2c
p2d,10,duplicate_endpoint,p2c
p2d,10,duplicate_endpoint,p2b
p2d,11,duplicate_endpoint,p2c
p2d,11,duplicate_endpoint,p2c
p2d,11,duplicate_endpoint,p2b
p2d,12,duplicate_endpoint,p2c
p2d,12,duplicate_endpoint,p2c
p2d,12,duplicate_endpoint,p2b
p2d,13,duplicate_endpoint,p2c
p2d,13,duplicate_endpoint,p2c
p2d,13,duplicate_endpoint,p2b
p2d,14,duplicate_endpoint,p2c
p2d,14,duplicate_endpoint,p2c
p2d,14,duplicate_endpoint,p2b
p2d,15,duplicate_endpoint,p2c
p2d,15,duplicate_endpoint,p2c
p2d,15,duplicate_endpoint,p2b
p2d,16,duplicate_endpoint,p2c
p2d,16,duplicate_endpoint,p2c
p2d,16,duplicate_endpoint,p2b
p2d,17,duplicate_endpoint,p2c
p2d,17,duplicate_endpoint,p2c
p2d,17,duplicate_endpoint,p2b
p2d,18,duplicate_endpoint,p2c
p2d,18,duplicate_endpoint,p2c
p2d,18,duplicate_endpoint,p2b
p2d,19,duplicate_endpoint,p2c
p2d,19,duplicate_endpoint,p2c
p2d,19,duplicate_endpoint,p2b
p2e,0,duplicate_endpoint,p2b
p2e,0,duplicate_endpoint,p2c
p2e,0,duplicate_endpoint,"p2c,p2d"
p2e,0,duplicate_endpoint,p2c
p2e,0,duplicate_endpoint,p2b
p2e,1,duplicate_endpoint,p2b
p2e,1,duplicate_endpoint,p2c
p2e,1,duplicate_endpoint,"p2c,p2d"
p2e,1,duplicate_endpoint,p2c
p2e,1,duplicate_endpoint,p2b
p2e,2,duplicate_endpoint,p2b
p2e,2,duplicate_endpoint,p2c
p2e,2,duplicate_endpoint,"p2c,p2d"
p2e,2,duplicate_endpoint,p2c
p2e,2,duplicate_endpoint,p2b
p2e,3,duplicate_endpoint,p2b
p2e,3,duplicate_endpoint,p2c
p2e,3,duplicate_endpoint,"p2c,p2d"
p2e,3,duplicate_endpoint,p2c
p2e,3,duplicate_endpoint,p2b
p2e,4,duplicate_endpoint,p2b
p2e,4,duplicate_endpoint,p2c
p2e,4,duplicate_endpoint,"p2c,p2d"
p2e,4,duplicate_endpoint,p2c
p2e,4,duplicate_endpoint,p2b
p2e,5,duplicate_endpoint,p2b
p2e,5,duplicate_endpoint,p2c
p2e,5,duplicate_endpoint,"p2c,p2d"
p2e,5,duplicate_endpoint,p2c
p2e,5,duplicate_endpoint,p2b
p2e,6,duplicate_endpoint,p2b
p2e,6,duplicate_endpoint,p2c
p2e,6,duplicate_endpoint,"p2c,p2d"
p2e,6,duplicate_endpoint,p2c
p2e,6,duplicate_endpoint,p2b
p2e,7,duplicate_endpoint,p2b
p2e,7,duplicate_endpoint,p2c
p2e,7,duplicate_endpoint,"p2c,p2d"
p2e,7,duplicate_endpoint,p2c
p2e,7,duplicate_endpoint,p2b
p2e,8,duplicate_endpoint,p2b
p2e,8,duplicate_endpoint,p2c
p2e,8,duplicate_endpoint,"p2c,p2d"
p2e,8,duplicate_endpoint,p2c
p2e,8,duplicate_endpoint,p2b
p2e,9,duplicate_endpoint,p2b
p2e,9,duplicate_endpoint,p2c
p2e,9,duplicate_endpoint,"p2c,p2d"
p2e,9,duplicate_endpoint,p2c
p2e,9,duplicate_endpoint,p2b
p2e,10,duplicate_endpoint,p2b
p2e,10,duplicate_endpoint,p2c
p2e,10,duplicate_endpoint,"p2c,p2d"
p2e,10,duplicate_endpoint,p2c
p2e,10,duplicate_endpoint,p2b
p2e,11,duplicate_endpoint,p2b
p2e,11,duplicate_endpoint,p2c
p2e,11,duplicate_endpoint,"p2c,p2d"
p2e,11,duplicate_endpoint,p2c
p2e,11,duplicate_endpoint,p2b
p2e,12,duplicate_endpoint,p2b
p2e,12,duplicate_endpoint,p2c
p2e,12,duplicate_endpoint,"p2c,p2d"
p2e,12,duplicate_endpoint,p2c
p2e,12,duplicate_endpoint,p2b
p2e,13,duplicate_endpoint,p2b
p2e,13,duplicate_endpoint,p2c
p2e,13,duplicate_endpoint,"p2c,p2d"
p2e,13,duplicate_endpoint,p2c
p2e,13,duplicate_endpoint,p2b
p2e,14,duplicate_endpoint,p2b
p2e,14,duplicate_endpoint,p2c
p2e,14,duplicate_endpoint,"p2c,p2d"
p2e,14,duplicate_endpoint,p2c
p2e,14,duplicate_endpoint,p2b
p2e,15,duplicate_endpoint,p2b
p2e,15,duplicate_endpoint,p2c
p2e,15,duplicate_endpoint,"p2c,p2d"
p2e,15,duplicate_endpoint,p2c
p2e,15,duplicate_endpoint,p2b
p2e,16,duplicate_endpoint,p2b
p2e,16,duplicate_endpoint,p2c
p2e,16,duplicate_endpoint,"p2c,p2d"
p2e,16,duplicate_endpoint,p2c
p2e,16,duplicate_endpoint,p2b
p2e,17,duplicate_endpoint,p2b
p2e,17,duplicate_endpoint,p2c
p2e,17,duplicate_endpoint,"p2c,p2d"
p2e,17,duplicate_endpoint,p2c
p2e,17,duplicate_endpoint,p2b
p2e,18,duplicate_endpoint,p2b
p2e,18,duplicate_endpoint,p2c
p2e,18,duplicate_endpoint,"p2c,p2d"
p2e,18,duplicate_endpoint,p2c
p2e,18,duplicate_endpoint,p2b
p2e,19,duplicate_endpoint,p2b
p2e,19,duplicate_endpoint,p2c
p2e,19,duplicate_endpoint,"p2c,p2d"
p2e,19,duplicate_endpoint,p2c
p2e,19,duplicate_endpoint,p2b
p2a,0,baseline_endpoint,p2b
p2a,0,baseline_endpoint,p2b
p2a,1,baseline_endpoint,p2b
p2a,1,baseline_endpoint,p2b
p2a,2,baseline_endpoint,p2b
p2a,2,baseline_endpoint,p2b
p2a,3,baseline_endpoint,p2b
p2a,3,baseline_endpoint,p2b
p2a,4,baseline_endpoint,p2b
p2a,4,baseline_endpoint,p2b
p2a,5,baseline_endpoint,p2b
p2a,5,baseline_endpoint,p2b
p2a,6,baseline_endpoint,p2b
p2a,6,baseline_endpoint,p2b
p2a,7,baseline_endpoint,p2b
p2a,7,baseline_endpoint,p2b
p2a,8,baseline_endpoint,p2b
p2a,8,baseline_endpoint,p2b
p2a,9,baseline_endpoint,p2b
p2a,9,baseline_endpoint,p2b
p2a,10,baseline_endpoint,p2b
p2a,10,baseline_endpoint,p2b
p2a,11,baseline_endpoint,p2b
p2a,11,baseline_endpoint,p2b
p2a,12,baseline_endpoint,p2b
p2a,12,baseline_endpoint,p2b
p2a,13,baseline_endpoint,p2b
p2a,13,baseline_endpoint,p2b
p2a,14,baseline_endpoint,p2b
p2a,14,baseline_endpoint,p2b
p2a,15,baseline_endpoint,p2b
p2a,15,baseline_endpoint,p2b
p2a,16,baseline_endpoint,p2b
p2a,16,baseline_endpoint,p2b
p2a,17,baseline_endpoint,p2b
p2a,17,baseline_endpoint,p2b
p2a,18,baseline_endpoint,p2b
p2a,18,baseline_endpoint,p2b
p2a,19,baseline_endpoint,p2b
p2a,19,baseline_endpoint,p2b
