comparison,design_id,reference_id,equal_attempts,timing_matched,mean_relative_shape_rmse_m,std_relative_shape_rmse_m,ci95_low_relative_shape_rmse_m,ci95_high_relative_shape_rmse_m,wins_relative_shape_rmse_m,mean_fleet_rmse_m,std_fleet_rmse_m,ci95_low_fleet_rmse_m,ci95_high_fleet_rmse_m,wins_fleet_rmse_m,mean_worst_node_rmse_m,std_worst_node_rmse_m,ci95_low_worst_node_rmse_m,ci95_high_worst_node_rmse_m,wins_worst_node_rmse_m
random_minus_cyclic,d054,d044,True,True,0.007889928709986435,0.026522256656029152,-0.002857727888964821,0.019876676718019258,8,2.4700367376992438e-05,0.005504471080649334,-0.0023864131125053718,0.00230183528900399,10,0.006851192540516074,0.0288391189311107,-0.005668120606262804,0.01874105474902307,8
geometry_minus_cyclic,d047,d044,True,True,-0.0028856713080799854,0.01447757293731417,-0.008865911671438692,0.003479172692306716,11,-0.0003577248109298464,0.004692465061114732,-0.0023321261648265833,0.001674532246942449,11,-0.00793365352455011,0.027613854292778413,-0.019894884532220904,0.003625102165700335,11
information_minus_cyclic,d050,d044,True,True,-0.002756881632272927,0.015055472247247634,-0.008927793144059,0.0039022846762273517,12,-0.0001405028430638916,0.004261549854736089,-0.001999587759664027,0.0016616765524009396,10,-0.010086497814994957,0.02096294233351051,-0.01908847493578924,-0.0011968893728995292,14
uniform_minus_cyclic,d057,d044,True,False,0.0042685139974236435,0.015907494750672276,-0.0026558767342050225,0.010880911293132116,5,0.00033139155845111066,0.005933680743480572,-0.00220168352650088,0.002876984918681607,9,-0.0023286783952870065,0.02423282568370552,-0.01314855724811432,0.007516326615663607,10
random_minus_cyclic,d055,d045,True,True,0.008937270985519122,0.016019876301774826,0.002513627185019418,0.016283460260118433,7,0.0011121548165689444,0.004259271157309177,-0.0006279890300159989,0.002988859190157743,11,0.010436243345202292,0.016450126408838063,0.0033184005184287656,0.017403247681123054,6
geometry_minus_cyclic,d048,d045,True,True,0.0028499411587059346,0.014385812497446061,-0.0030895057240495414,0.009219933930216083,9,-0.000236683895739484,0.004079403278351376,-0.0019486287817660636,0.001508166577134792,10,4.7530368097067896e-05,0.017860142863482444,-0.007623125081168989,0.007527539015294697,9
information_minus_cyclic,d051,d045,True,True,-0.003561789317905332,0.011738524379454947,-0.008605209856266827,0.0014291458473519474,13,-0.0006423896998641154,0.0033821736908872693,-0.002119557245950489,0.0007821848065575723,13,-0.0024079323301663623,0.01758508232570238,-0.009991177856924677,0.004984257770621717,10
uniform_minus_cyclic,d058,d045,True,False,0.0033742794872507497,0.013968266236843772,-0.0024986951642236737,0.009479057139468923,8,-1.550321142183564e-05,0.0030859637740297337,-0.0012980691892077868,0.001333881537775148,11,-0.0004964166817859161,0.01547644162339485,-0.007046698434857302,0.006046701324230013,11
random_minus_cyclic,d056,d046,True,True,0.0009489605465934758,0.011979288825516412,-0.004315592263616153,0.005946788565152318,10,-3.589749233781358e-05,0.004262170787658292,-0.0018282305753440492,0.0018525400497705954,11,-0.00026716423617918484,0.013262014112046123,-0.005727092638414318,0.005488638353527499,11
geometry_minus_cyclic,d049,d046,True,True,-0.0014737973187220934,0.011654731491442196,-0.006453039447257935,0.003458020245380746,10,0.0004160716520349689,0.004620100457160546,-0.0015859681721568531,0.0023966209249530416,10,0.004589133129963785,0.013276476500865619,-0.0012207866416025783,0.010054491967468058,6
information_minus_cyclic,d052,d046,True,True,-0.0005748585608918104,0.01358640567567755,-0.006399195090833883,0.005213315100016604,9,-9.525692477254378e-05,0.003393473005258161,-0.001539918591944611,0.0013555406990663718,10,-0.0017473877113594132,0.011192305509867934,-0.00639720075126346,0.0031735820178680103,13
uniform_minus_cyclic,d059,d046,True,False,-0.0017876139050616142,0.012011654120142413,-0.006969717473278954,0.0033178698176017127,12,-0.00016039144553126882,0.0030706634876697045,-0.0015027054978571772,0.0011242780181397556,9,0.002182032943528117,0.011513771227848323,-0.0027113585025302376,0.007075050991259931,9
clean_naive_information_minus_cyclic,d051,d045,True,True,-0.003561789317905332,0.011738524379454947,-0.008605209856266827,0.0014291458473519474,13,-0.0006423896998641154,0.0033821736908872693,-0.002119557245950489,0.0007821848065575723,13,-0.0024079323301663623,0.01758508232570238,-0.009991177856924677,0.004984257770621717,10
clean_gated_information_minus_cyclic,d041,d040,True,True,-0.0013882107065360072,0.009444431439242899,-0.005554081988405098,0.0025542891187747656,10,-0.0008004270576307204,0.0028696973406637377,-0.002027766767921475,0.0004250526487368805,14,-0.0037790668234619017,0.016687398383652685,-0.0108431802966172,0.003432411632654551,12
clean_cyclic_gate_minus_naive,d040,d045,True,True,-2.067596212349601e-05,0.0014441832963735634,-0.0006526118190861327,0.0005946413619095998,5,-5.8469617712847424e-05,0.0003820532882651453,-0.00023631337487133044,8.836656700613185e-05,6,-0.00025716964420886,0.003545365248161238,-0.001799660800684638,0.0012304643754840446,6
loss30_naive_information_minus_cyclic,d062,d061,True,True,0.002055731394825769,0.010555249252860109,-0.0022993024829510316,0.00658688178208174,11,-0.0002448531009049848,0.00411860904006397,-0.0020116956188606316,0.001507057800519795,9,0.0005525812159240917,0.014736195148543026,-0.00577955183001261,0.0067376417633772355,9
loss50_naive_information_minus_cyclic,d065,d064,True,True,-0.0034385147131613357,0.01848383441988395,-0.01108725291235711,0.004358253555944959,12,-0.00040787989585241156,0.004799841045210155,-0.0025035988065742337,0.0015888119598289525,11,-0.0028700257919188565,0.029389728733890154,-0.015905421636245292,0.009122801846398841,8
network_outage_naive_information_minus_cyclic,d071,d070,True,True,-0.0019781518006574622,0.015595013979219155,-0.00834477057152008,0.004823337690668967,12,0.0005416053931511289,0.004135232924205521,-0.001219015567063656,0.002302710348218651,10,-0.0008133632478315473,0.01824015850359294,-0.008768222743921679,0.006800623188479312,9
network_outage_gated_information_minus_cyclic,d068,d067,True,True,-0.000532055050808241,0.015137197667944935,-0.006787475656359789,0.006027194265771623,12,0.00046334890347566606,0.0035478694134709666,-0.001055726148435926,0.001972063005279773,8,-0.002480784091283225,0.01779492587489066,-0.010231035230506549,0.0049205886782301535,9
network_outage_cyclic_gate_minus_naive,d067,d070,True,True,0.00010908545367155006,0.0019537935900174486,-0.0007227647500997091,0.0009683987453173228,5,-1.6200514552405788e-05,0.00030148723818317774,-0.00015015289231579395,0.00010768805530007947,4,0.00011055043038202817,0.003068059884851392,-0.0012567389835331135,0.0013618002204890008,3
node_outage_naive_information_minus_cyclic,d080,d079,True,True,-0.002962714011059989,0.011430582589641173,-0.007925225543831163,0.0017696839734977815,11,-0.0006188493383541688,0.0038891780834765513,-0.002311435399548609,0.0010083629158318128,11,-0.0053402657128359815,0.01821119764496722,-0.013196040779888733,0.002297892777869705,9
outliers_naive_information_minus_cyclic,d086,d085,True,True,0.006993242123753307,0.08600072502223605,-0.02948978634423137,0.043364297612273506,10,0.004251856475186336,0.032932355553754934,-0.009245524912916598,0.018784285699524946,9,0.0014971591382329952,0.06636702330944304,-0.025834137021238615,0.030455180412048522,11
outliers_gated_information_minus_cyclic,d083,d082,True,True,-0.0011833710237092795,0.013209584608279257,-0.006894255337991648,0.004428703947933235,10,-0.0019247545056821469,0.004169421867981183,-0.0037031168660463304,-0.00015620586840127146,14,-0.0007529906789271373,0.01890589115773455,-0.009126545975441939,0.006871759852565422,9
outliers_cyclic_gate_minus_naive,d082,d085,True,True,-0.21165697079165607,0.06951953937326025,-0.24215921980847624,-0.18325363956278498,20,-0.04091239394672598,0.03084541887384543,-0.054419331788158484,-0.02815200051341126,19,-0.10549817540368944,0.04042877378301923,-0.12268688933638285,-0.08798941682713622,20
nlos_naive_information_minus_cyclic,d077,d076,True,True,-0.021165200223305945,0.012379143959344098,-0.02633915938372518,-0.015839802264665862,18,-0.003771344778437313,0.005106556122638988,-0.005916448211877704,-0.0015649800745028807,15,-0.025845745607310587,0.01476356893753286,-0.032321589703958716,-0.01960335166545534,19
nlos_gated_information_minus_cyclic,d074,d073,True,True,0.03484220701014849,0.0326187971919775,0.020179289753504092,0.04779493567357437,1,0.0021835320607428432,0.01266099789901215,-0.0038583589050083873,0.0066834871309045685,2,0.028153020132970615,0.030361706300471372,0.015429564096968775,0.041237630451243804,4
nlos_cyclic_gate_minus_naive,d073,d076,True,True,-0.07330514012697219,0.055216295347660475,-0.08885693815667677,-0.047007404017448545,19,-0.006123175447557247,0.02452266251311365,-0.01331481452377823,0.005541411601110182,19,-0.05448759603593328,0.04361385843361889,-0.07139825843990082,-0.03434243572638228,19
