sensor_condition,q_treatment,range_condition,update,schedule_scope,tested_budgets,evidence,mean_budget,mean_schedule,mean_design_id,mean_passing_seeds,p95_budget,p95_schedule,p95_design_id,p95_passing_seeds
bias_half,frozen_q,clean,naive,all_available_designs,"0,180,360,720,3600",budget_sweep,360,cyclic,d002,19,360,cyclic,d002,19
bias_x10,frozen_q,clean,naive,all_available_designs,"0,180,360,720,3600",budget_sweep,,,,,,,,
combined_poor,frozen_q,clean,naive,all_available_designs,"0,180,360,720,3600",budget_sweep,,,,,,,,
combined_poor,white_rescaled_q,clean,naive,all_available_designs,"0,180,360,720,3600",budget_sweep,,,,,,,,
noise_half,frozen_q,clean,naive,all_available_designs,"0,180,360,720,3600",budget_sweep,360,cyclic,d022,19,360,cyclic,d022,19
noise_half,white_rescaled_q,clean,naive,all_available_designs,"0,180,360,720,3600",budget_sweep,180,cyclic,d026,11,360,cyclic,d027,19
noise_x4,frozen_q,clean,naive,all_available_designs,"0,180,360,720,3600",budget_sweep,,,,,,,,
noise_x4,white_rescaled_q,clean,naive,all_available_designs,"0,180,360,720,3600",budget_sweep,,,,,,,,
reference,frozen_q,clean,gated,all_available_designs,360,single_budget,360,information,d041,18,,,,
reference,frozen_q,clean,naive,all_available_designs,"0,180,360,720,1800,3600",budget_sweep,360,information,d051,19,720,random,d056,20
reference,frozen_q,clean,naive,cyclic_reference,"0,180,360,720,3600",budget_sweep,360,cyclic,d045,18,720,cyclic,d046,20
reference,frozen_q,clean,naive,uniform_reference,"0,180,360,720,1800,3600",budget_sweep,360,uniform,d058,15,720,uniform,d059,20
reference,frozen_q,loss30,naive,all_available_designs,360,single_budget,360,cyclic,d061,13,,,,
reference,frozen_q,loss50,naive,all_available_designs,360,single_budget,,,,,,,,
reference,frozen_q,network_outage,gated,all_available_designs,360,single_budget,360,information,d068,15,,,,
reference,frozen_q,network_outage,naive,all_available_designs,360,single_budget,360,information,d071,15,,,,
reference,frozen_q,nlos,gated,all_available_designs,360,single_budget,360,cyclic,d073,18,,,,
reference,frozen_q,nlos,naive,all_available_designs,360,single_budget,,,,,,,,
reference,frozen_q,node_outage,naive,all_available_designs,360,single_budget,360,information,d080,18,,,,
reference,frozen_q,outliers,gated,all_available_designs,360,single_budget,360,information,d083,18,,,,
reference,frozen_q,outliers,naive,all_available_designs,360,single_budget,,,,,,,,
